"Path","Bytes","SHA256"
".env.domain.example","1090","CD69BF1518A2BCD160BF08DDC9FECBAE37946510F32C84830FFA4518BAACEB08"
"app/AccountTransaction.php","5081","840FE43CF61258AE245B6AB0C90D1824322E9504E24C0249B4BCDF6500854750"
"app/Business.php","4469","257E4A540CBC112DA0521774C0A37592513654488A5400C420F1AD5471210AE7"
"app/BusinessClosureRequest.php","638","9D6BA3E1DA8E739C220C78808546A5319C5F420A985B512CA503A1C763EA596E"
"app/BusinessDataImport.php","1354","C02189B6D2DC11B87197B3A17C021CE5AA3DDEAFB0B2C8905FAF40219B04D2EC"
"app/BusinessDataImportEvent.php","387","E78A6E3F1BD12730FD7B1FF857F9C67586BCD0DC1DB2F454472460ED4515153A"
"app/BusinessDataImportRow.php","460","4C6A6C20196EBCB077DD21E895FBEACB7425BFD625686AEEA8C9C05C1104D50F"
"app/BusinessDocument.php","2457","10CAD4DAB1EF999A733A44AC9E24F5776816F5B96199362788F7BB6DDF2500D1"
"app/BusinessDocumentEvent.php","370","FA4AB5200D912A969AC6A4550209E921BA77BA1E84643F3262AF5C2C2ADFF1C7"
"app/BusinessDocumentLine.php","317","BF3EA47BADD4CEE217FCD0616F621D7B6D73FF90FD1EBEB09FB344C2F0EA6349"
"app/BusinessDocumentPayment.php","750","D0A973D6F0ACDC5D4B9D7F63AFCDCC5D279F4D573AE83228BCABA062074F7FB0"
"app/BusinessDocumentSetting.php","495","A6AC504A9D740B6A54CE075E91326832997D3B9EECE65219AC40655A091E3FC8"
"app/BusinessDocumentSignatory.php","326","C9E2F22DDD4E850B02171AF74CD1261348FBB17401C1F479F2B73CFB5B41427E"
"app/BusinessEmailConfigurationEvent.php","409","4F7B8CC278987DC0B66994D7315DA68699E02C579A5EBDE7DF94836A023376FE"
"app/BusinessLocation.php","6066","E3D460DA9188EC8D3E09BEFA2E9C762C090E2F9A2778888588FAA0814909C1BB"
"app/BusinessModuleEntitlement.php","490","721936BDBF26BCE89E48D685A01B7E425049604543CAD464CFD5DE892293FF5D"
"app/BusinessModuleOrder.php","690","D58BA70DC4545051B399A791B076629C499987827BBC7692D7ED4EAB07D82F93"
"app/BusinessModuleUsage.php","327","AE8169733DF316769EC7385163098A21A89273B3D1BDE49C47C098ACE4709A6F"
"app/BusinessPaymentMethod.php","358","6D74D627EBC7C6F54CCD1CC112B094B7B781D3F5393C6824D25D156F754BE445"
"app/Console/Commands/EncryptLegacySmtpCredentials.php","1675","FF58FD81DAC4C255C336BB7A0B49FA9D6947F5D14D831959D0EE53EE6D51E5D7"
"app/Console/Commands/FinalizeScheduledBusinessClosures.php","3188","4999E6F9D8863CA35247F38030D55700829BF3920E260331B65A6007ADA5803A"
"app/Console/Commands/PurgeExpiredDataImportFiles.php","3465","FDABF86E0F600BD5399CB8D7A69463DE4E6600C66F0699501EF2A8DC201451EC"
"app/Console/Kernel.php","2076","FFA39755CC314FDD63CC779F25E16510FAFBE2F51821753BBF135A3D7F23E576"
"app/Contact.php","14347","6348B539BD8BF080B093CC204AFA8D9BD9B1A191AFC8CB7105BF6F2709E36AA3"
"app/DocumentType.php","677","AB781FACE657CBAAFBAE0CE740CD60E760D533CB4A89CD62C5EB97D8615CB29C"
"app/Feature.php","129","5FB8E0366C823C45CF06B1275370B05316BAFAA778C278A6910DB64153231D85"
"app/Http/AdminlteCustomPresenter.php","6174","49C0CD2FCF1FD398EEDB12ACBDE48A84D4A92662B548FC9416F334BE60378B43"
"app/Http/Controllers/AccountController.php","59474","2BD5483911DF95D7C06629062A342C45F9D547E65BC747AC06A3A486DE776269"
"app/Http/Controllers/AdditionalBusinessController.php","5673","8FBC71FCA5574B80463357AE947B4A4FD18FEA3152178C9A776BEDFD28AB2FBE"
"app/Http/Controllers/Auth/LoginController.php","4612","A03978292E189DB09EDE657AD3F2C7F556AD2F2A4F7C4E6C3524A6D153080556"
"app/Http/Controllers/BusinessClosureController.php","5624","1F4DE3F7620C6F693CE421004B47E83A27D8F5A764CBE9035BB1594541315AC5"
"app/Http/Controllers/BusinessController.php","25578","1B1A1966A7311283E7ABE8AAA23547D57382835B834A735FFA60BA54D85C154B"
"app/Http/Controllers/BusinessDocumentController.php","48257","958BEF28F047E4A9A36F667FC6095D1AD31EA7BCCF889251560997E622C44F37"
"app/Http/Controllers/BusinessSmtpSettingsController.php","6895","6DFEE59DADA07D109A08D16F8E753D5844C361608F91BE3328AB89D634970023"
"app/Http/Controllers/BusinessSwitcherController.php","1143","F08C7D7058AB59857515E7FF87F3FCABCE17EA9292C74581419AA0203990AF48"
"app/Http/Controllers/CashRegisterController.php","8769","FAA3D57F46086A3C7A26CBA569BAB05648569FBBB8498B7A6DC87E20CC0E51AB"
"app/Http/Controllers/ContactController.php","83552","E47A64E0417FA3DC9CA51110520FFE09ECC09F678F16DB75FCFC208B9CCD5BD4"
"app/Http/Controllers/DataImportController.php","16575","88375A6BD134CA2591AA5A00E54444053A8B4680DA865A22DE5C5B65D5803804"
"app/Http/Controllers/ExpenseController.php","38171","245E1C854188A1D43220B6FF9B378974FB1E24B9F3F3624876E9CB975C80BB55"
"app/Http/Controllers/HomeController.php","26889","29AE92C3B27BCF0FB3D98D5580E517559418195EE046236B1CF60B0D19BD7E50"
"app/Http/Controllers/ImportOpeningStockController.php","10519","3BEEA8F002823E77AD32CCF7BAC80B63AF272B70B1CBE48D2A8E8FA429672507"
"app/Http/Controllers/ImportProductsController.php","42548","BC2C58BDC2E74827652CFB13A27306EDBD2B5A6A1C20499CAF5690D6A28FBA31"
"app/Http/Controllers/ImportSalesController.php","28316","BD5369733DD1023D04E5E9E8C9EEF058B1E1DC0106B14FC97B0741779239B966"
"app/Http/Controllers/InAppNotificationController.php","3230","160FA90469EB17CB3E2E3A54A2DF41689E87840E561218FE5F47CC359C656EFF"
"app/Http/Controllers/Install/ModulesController.php","13487","124FE128C92F1C2EFCEC24B8CC6A9406FCA800C8634B9A0F284BBC52E26A946D"
"app/Http/Controllers/LabelsController.php","27181","28439F59947696A0F06D64A48B56CA8CD17C65A7ABC2033525CD3C8320C69D62"
"app/Http/Controllers/ManageUserController.php","21183","0D71BF9B65D69AA7F87A3E99597691E4B53F9C830CB57270D816C61594AFC678"
"app/Http/Controllers/MyFatoorahController.php","11592","D55F02FBCBE9258C34FDD67DC98D3A6C50901D475688614562119172E33F1FB5"
"app/Http/Controllers/NotificationController.php","14828","CEFEA51DEC914336798447135047E75155C73AD8A0BB6CA80AE80A518F44C7F4"
"app/Http/Controllers/PremiumModuleController.php","5758","F2E44AB07111180C7DA457AE47083AA7630F0586D8E2B73AE480FA9ACE3500C1"
"app/Http/Controllers/ProcurementWorkflowController.php","10115","4B2EE7883D1C5D92432E72C90428AAF06D718395E84627D9D289AAB18013FD89"
"app/Http/Controllers/ProductController.php","107414","E6F4C8D1B1CC79420E9C8D1A7C5B0DECB24EFDAC31C8CD1C614427FC89EF1624"
"app/Http/Controllers/PropertyAccessController.php","4110","BA4848B41558025FCE28854CD4737336F962283540A67B628F182C8C48530402"
"app/Http/Controllers/PropertyDepositController.php","11898","F0A9ACC1BA215CAA2B165C21DA7837110D06358486D04098F1333ACF51AE9D9E"
"app/Http/Controllers/PropertyManagementController.php","51652","362C5671B3D6ECFD564692CE6E7A9938407AFFDC55F8EB616CECDF3FB9CF652E"
"app/Http/Controllers/PropertyViewingController.php","9041","90933DAC2167FE22698868071E46E5B2A9CBED005A7A78F64B91DB1B08E92DAD"
"app/Http/Controllers/PublicBusinessDocumentController.php","2691","442268699108D93D1D4E408E5DB3DD8D8179AD1E1798E68CB28BF6177C5EAB39"
"app/Http/Controllers/PurchaseController.php","69801","475F7C832B5B356E938DEF92E06C0AF1A844C78DA7B5A7E3383C07812BD6DF8D"
"app/Http/Controllers/PurchaseOrderController.php","57129","1504CA7B8443F2D9F146116C5B7132C9777FF856F783671D179C7D13459F3740"
"app/Http/Controllers/PurchaseRequisitionController.php","32750","ABA497E5612EDECC9B243433667C2AC58DD4D260172493A5AAD92EFB0AEE8F0F"
"app/Http/Controllers/PurchaseReturnController.php","21281","5D6E41180267594C3B49E3A1EACFBBC411774AADC59ECC46E360939F623C03EA"
"app/Http/Controllers/ReportController.php","228745","49E4F3CD0E79EA9D1032428F8A148DEECF6B109A8C6784A52DF5129B31F56384"
"app/Http/Controllers/RoleController.php","14386","95CAE451AE2038E9241CC22A8A87E4FB02254370D5755325D80C40EF808B7CA9"
"app/Http/Controllers/SellController.php","96564","792E576C686F6C70CEDC000B6B99DA4F1124A62857BB233F69A2A6F4D8F0C5F0"
"app/Http/Controllers/SellingPriceGroupController.php","15631","66FA5A557A085044577CA274D6C960DB5C8E0576D450847C256FB9C09B2E587B"
"app/Http/Controllers/SellPosController.php","140013","4B74071706CF6DF37D3BFB9EA1443F46CE90CF5BC0E2D1B6B362D28786259B71"
"app/Http/Controllers/StockTransferController.php","42639","F24057007FBBE7F0EFFA9EAF5556CABAB4BF94634B19A43F11BE2191DC341A88"
"app/Http/Controllers/Superadmin/IndustryDocumentProfileController.php","5072","8BBB3184DFAB4BAA308F10D49AAB4BA11CDBA9E078E0F99CC478A8DF60379EF8"
"app/Http/Controllers/Superadmin/IndustryFeatureController.php","2264","F99E0BD780D0D39AA0E8A098EBA8D8EAB60FC1E5261FA19A9B5681EE405D4587"
"app/Http/Controllers/Superadmin/PremiumModulePlanController.php","6039","9DDB95BF18AEF49ECCA817DA8968C5101A1DBB9AD06AA515A8AA39F3E7650469"
"app/Http/Controllers/TransactionPaymentController.php","35526","1622968E54F288E1858F8EC55CCB431A6707CCD85951F7BBE58B47EFD4E4A0CB"
"app/Http/Kernel.php","3091","DC428795672F43443C4AC2E118B762B34BED3FE792FF167CDE0050EFED350494"
"app/Http/Middleware/AdminSidebarMenu.php","68206","05C8138126262F27B2DE50A596EC260B2C668FE3BAD9048346D57C0845177BCA"
"app/Http/Middleware/EnforceCanonicalDomain.php","1803","623F72F428608014834182FA6D679F679F5D873EACE61A51F38518D88C82BB76"
"app/Http/Middleware/EnsureBusinessFeature.php","408","D7303D65A4F04948D6FBB3BFC1D0ACB280E0CECE8D27E9B01B6CA2238C6C006E"
"app/Http/Middleware/SetSessionData.php","2061","F883A8747FE5A62FF226C34C62A0308232EA1CAAC37186C60076A06B3C10C9CB"
"app/Http/Requests/AdminStoreBusinessRequest.php","1583","C404935924A4A6D5A9E0A605D1A931CD705FB167C960D279F22FC6C990112AAF"
"app/Http/Requests/BusinessSmtpSettingsRequest.php","4269","A5A1E484D6C75A5ADC0BA40326E5C9C9985E642A66452FC234983E498CE7DEF8"
"app/Http/Requests/CompanyOnboardingRequest.php","7665","8DE4FF13B5CE761B69B72BC6719732927FC18BF2A04386EDAB517CAFD7878715"
"app/Http/Requests/RegisterBusinessRequest.php","2316","238916632ED26EEFAA61947B88AD78E5FD6236C69BBA454C57063EF3EEFF422A"
"app/Http/Requests/SaveSubscriptionCouponRequest.php","1693","8E9C99BB685D22285A031A8660711DBF8082BDB02F4573D760D80A2B11DC1766"
"app/Http/Requests/SaveSubscriptionPackageRequest.php","2875","7B97109D1F96E6A4672BF522222AF8833536FC65ED449BEB8D7CD11C183DC6D9"
"app/Http/Requests/StoreAdditionalBusinessRequest.php","326","F758506610AFF758474C5DC9AEF039E8CD1B7E291E6B87EC23025D335685FD1A"
"app/Http/Requests/StoreBusinessDocumentRequest.php","4507","FA3FC127B0F4CD754C654BD25334AF730A650EB694DDA5E8CDD5207F87AD8AAA"
"app/Http/Requests/StoreProcurementQuoteRequest.php","1184","808C4DCE4226190AF92BDD5BC7EA626E860008A051D0976BDBD485754C38D851"
"app/Http/Requests/StorePurchaseOrderRequest.php","12012","898FB87C667D8CAEEA8FCE70FD18FDA937FE4611B6D5AEF12B39705DB391D975"
"app/Http/Requests/StorePurchaseRequisitionRequest.php","5571","21E2CF3D9E795304594AD36BA8DCCC8B87E4035C4909A2005E888127937905C7"
"app/Industry.php","1016","8934F1FC29D9AA9B61E21BCB5EC110E19BD2ACFAE44E1810E10F91811DCA0DDD"
"app/Jobs/DataImport/PrepareDataImport.php","1395","9A9EC04DA41668683C35367B7B3FDC2884B4BFFC95D53873338DC75082ADAA56"
"app/Jobs/DataImport/ProcessDataImport.php","1404","5640567A958F0639F9FCBD70BCCAC8BECF7D5D49238F638FA68A0818DA8B3882"
"app/Jobs/DataImport/RollbackDataImport.php","1413","9B2BDA5614215E005C1D45199E3C2F0BD07A677975ADDF9C4F114486F4BEF776"
"app/Notifications/BusinessClosureNotification.php","1971","31089DA3FD217805DE4B8F6EEAEEB11E01477844978278D4FEC2FA0203291B65"
"app/Notifications/CustomerNotification.php","2742","6BCD9B182C3D8B9AFFAA353941E49A7C434CC6FD2E0DC06D5D92A8BE9793FC12"
"app/Notifications/DataImportStatusNotification.php","956","F634CC0BC0D91A2E9D10DDAA766C4CFC05659EF2C47951EBB1937754FD6888DA"
"app/Notifications/PremiumModuleOrderNotification.php","1617","1AF2B113310B9DE9AB307C328DA61CE3A4C96B9ED0533220E2FD19FD0E1894CA"
"app/Notifications/ProcurementStatusNotification.php","1281","89B28DF667E036482D22C22E75B3BDA1EE7FD3997BF214361B43324AEE2DB788"
"app/Notifications/PropertyViewingStatusNotification.php","899","E1FCDC5D61AC478265AC0715FA54A9A5552D640C8084FCD89EDD9C4FC54DF53C"
"app/Notifications/RecurringExpenseNotification.php","1178","23148E61D76637DB59D43C6EBD0373FB997686530A15330B86273CC956072FF2"
"app/Notifications/RecurringInvoiceNotification.php","1464","65D8E13446B23F436D7B1D3393D45F51E929F8857B238C7CF582980BB0E7E6B3"
"app/Notifications/SmtpConfigurationNotification.php","1229","9A04D5761369064D89BD91FB8174B567EAF369B3749BAD3925BC938E4966A2B8"
"app/Notifications/SupplierNotification.php","2154","F56EA14A2EDC62A96FB42A786C8012E7C82952B037EA881B27C5B813B33EA547"
"app/PremiumModulePlan.php","892","79ADD24E456F5DF513A69451A2A331D9DD103C410BAB5672CC094E20266705F6"
"app/ProcurementApprovalStep.php","428","04B0179571C41760AEDFC4422D4AE567019CEFDC183D45F3BA50884E6AF6F561"
"app/ProcurementDocument.php","1513","EC1E142E6B5ED18EDBFA38C45A8E1824C474467D44C116B766DA637BA5429FF4"
"app/ProcurementEvent.php","405","98D7868E364A0FECDC39676BA494A5D7A9CAF6C31B091EC8D315A6CEEF9B6DC8"
"app/ProcurementSupplierQuote.php","872","5AE25D2301D44A5ADD1612898944EF49319121840E261A6D39EE43E4F506C1E8"
"app/Property.php","652","E0807EC55001D90D1F0A2025606E572E4AD32BC03F3907F32DD0BBE8D53DFA52"
"app/PropertyAccessGrant.php","300","CA70B73AD9670DBCF24098508878137118B023F15C519575840DAD5D2F798CC5"
"app/PropertyAccountingPosting.php","812","08EEF9496E86F890613E38E541DA3198D92465ECDAF158869DCBB17EE534257F"
"app/PropertyAccountMapping.php","181","173620619311CC4B30CEEE4E2B529E23DD6913BBF8F1A23A8697698A924D79C8"
"app/PropertyDashboardPreference.php","543","926D4A39E33297748232BF043391A90C0707C77415B543154DB5FACAF39ED848"
"app/PropertyLease.php","603","EAAF81DC2F3ACAD97AC7DC7C68C450045B80AE411427BE501DDB955961DF9B9C"
"app/PropertyMaintenanceTicket.php","503","AA69B8FE6DF22DB31B0FD58852B9E837C12F6ED6FD3B978364FF3A146510138F"
"app/PropertyPaymentDeposit.php","678","719A51733EAF582BC8B0ABB9C844D297D836C2BBBB4027E2166EAF3E01206456"
"app/PropertyPaymentDepositAllocation.php","466","7252B6BE812109318FBD87957B1E1022F59A44E943FFBB7336C48D18A86D9BF1"
"app/PropertyRentDue.php","338","0FC656FD4E86A32FC94A0106C1869F794A27CC32300DE8E2D25B63434C3DC523"
"app/PropertyRentPayment.php","265","83CB09CD82F41AC4636DAEA2553E779E650EC41D1206DD3877E6E40E2F746A29"
"app/PropertyUnit.php","463","FCCFA880A02AD4AC7964A1A95DCC2FA7608379FF8B1E99829328B560844F756E"
"app/PropertyViewingRequest.php","1050","51BA227C07C0DA40D6DC4E9B881E715447CE7106F82250DB7CBE9655229A53CC"
"app/Providers/AppServiceProvider.php","10549","2C8F619F08B43D23E75A9718B1B47833F2C9836194E4D35F6F08B60594513942"
"app/Providers/AuthServiceProvider.php","1588","BF6A9E47B05A4A6569E6F61A7532DFCB4A9D7042AA80BA2724AEFE00FA8E605B"
"app/Rules/PublicSmtpHost.php","2527","86B706F57410F5DE24B88BA424072EA10D2D3ED99A3A6CD1EDD3C92AE01568F7"
"app/SecurityDeposit.php","2086","0A286FA53C88AFE31B22A005937EEDA8797B9F73F4591B215D132D30310486E3"
"app/SecurityDepositEntry.php","626","42DE7132A965A4A7B9E939A983FBEB28A1702DA36FB90220A9F3CF215263CBF5"
"app/Services/AccountBusinessQuotaService.php","2873","6EF6D163D5A621089D5FE5F84B9A3671FD9A06F304CF1116E60BF64D765EFCB2"
"app/Services/BusinessContextService.php","2713","D51B619F2D97F564A3308E29A83D6AFEA55BEF1DFD2FCC3469C4F2BEE5F864B2"
"app/Services/BusinessDocumentAccessService.php","4069","6190CA8E39384565BCD0CA4A9BD911BD6CE24E743CBEEE3EECC397E29CFC3E48"
"app/Services/BusinessDocumentNumberService.php","1260","6F2ECDE0324F798A4FBA5D0E388CF70F5C25819F1E04906609A7F4FE40815E9E"
"app/Services/BusinessDocumentPdfService.php","1608","EA72CCF3D37E7B2FF99814B915F1A93E1F711E3184C0A2B70485C6D22E6DFC76"
"app/Services/BusinessDocumentService.php","38186","C29D9A740593048074A9FEC0672AE0FBF8776FB15343435A6AC6B546ED15947F"
"app/Services/BusinessMailConfigurationService.php","15926","704E1D4795B72E07A365A170D7CF7B786A71DC61D72329CF23E9F2124A95A004"
"app/Services/DamageChargeDocumentService.php","7110","83ADD8CD1FAD6BDA4365C76A92029883451B16EDE70B7A029F7DDB22447C825E"
"app/Services/DataImport/Contracts/DataImportHandler.php","511","8A2DA14A8D89A4654B21AC9FAE1262CDA992F61A69CD2BF410877D57A40BCBAA"
"app/Services/DataImport/DataImportLimitService.php","4170","1549293A89D4229418DAE6FCBF52D82115CB9B2C7C87F67DB3884B8948EFD8AB"
"app/Services/DataImport/DataImportRegistry.php","4898","C1EDF9C2A65BAC89407DC1997BA4DF798923445D0CCE5186D93E4249357D74DD"
"app/Services/DataImport/DataImportService.php","13176","F4A478CDE4867B7A9B876A7014BB4131D565BA196F37B216B62070BBFF4E769A"
"app/Services/DataImport/Handlers/AbstractDataImportHandler.php","7779","7664996203A6C1286429103E7249CB0C9D5ABF3C01B01C0FA5A26FBCF658899C"
"app/Services/DataImport/Handlers/ContactImportHandler.php","5213","6311B51F332ACC0862DEB5F3FE6FA4C3605BE3A7BED216A91A50AC53BBE65889"
"app/Services/DataImport/Handlers/EmployeeProfileImportHandler.php","8040","007F3C2B512BB4A966DF3051473A9BD919A3A2EF21748A14D5450D489F989892"
"app/Services/DataImport/Handlers/HmsPropertyImportHandler.php","5628","6663D953EBF1AD3E1DEF01BD3E5909716200E004729B06C6FC64F73264D6F757"
"app/Services/DataImport/Handlers/HmsRoomImportHandler.php","4240","F4D482EE95F9EC64519155AEBE6BF93D14AA2938FDF9A047450C62999CC84781"
"app/Services/DataImport/Handlers/HmsRoomTypeImportHandler.php","5061","05DA959C50F329B1D58EF3C87079F7ABA4F782DAD0E0F33D79F0729231F6B043"
"app/Services/DataImport/Handlers/PropertyImportHandler.php","5198","D289C8A0AEF5C3EF07C4EB1DF7A1731E491368CE9006CCF2A142EC3AE5857CE1"
"app/Services/DataImport/Handlers/PropertyUnitImportHandler.php","6838","5E132C51008512997ED6479B7E3327E7B823702D132C6FC7639E500482C06F63"
"app/Services/DataImport/LegacyImportGuard.php","5146","4702D5D65A934207E45F4CBB185DBDBEE6B39F8CEA349181E6FAF27AC234DC4A"
"app/Services/DocumentSourceContextService.php","15123","85EA51F65C38982DF7E5DDA730DCC0CC08B931F6D88401282AAA3FF9BD7A7360"
"app/Services/DpoPaymentService.php","7579","ACD7BB7307A6E000B4702C3D5C172E6650260B90E92E84BE5766047A58691C74"
"app/Services/FeatureAccessService.php","1115","519F55BE05D5E2C584AA0AF99B13699BBAA2EAEF36DB86B9EEC68DECE9A48732"
"app/Services/IndustryDocumentCatalogService.php","12265","90E14A80A06647E3A3EBE9C0699A158A49C40C4D7FA3902D33436F3271FFCCD3"
"app/Services/IndustryFeatureProvisioningService.php","4618","0BE060C105597D9F43DC9AB88DBFF90BBAEEE150C0098082E1820969118B26AD"
"app/Services/IndustryOnboardingService.php","4001","BF9F65848D25A871B6197273B2EACA4C5D5C6097708E1FA49B497A7AD51A4E98"
"app/Services/OnboardingProgressService.php","7893","A29D7835B487115B01406536F90EED48E57B07E52BCAD1C2F80EC73520D16BFB"
"app/Services/PremiumModuleEntitlementService.php","8937","7DBA54176B7CAF0C857302746188169DA11EC79B863607F5CC41EC94DA0DBCB8"
"app/Services/ProcurementWorkflowService.php","22460","7FEA83784F067D601D67122364857E08397600E9512F234E45927BFCE55FC84A"
"app/Services/PropertyAccessService.php","9174","C40B2F5FF4A792E86E0B9472BF17142B4859C87D37375AD1B5697A9578646F07"
"app/Services/PropertyAccountingPostingService.php","14880","45A53DB9A56FC6BDADFFF2D6421A5069F51D30D93DC53EFAC934361FAAC4F6E9"
"app/Services/PropertyDashboardService.php","12585","69B6D78A03F776C1C38370AA8669E85F085EB3CEE9DF809DE6E3533CDF3805C7"
"app/Services/PropertyPaymentDepositService.php","4828","EA45DB31B37FFC67005E3A8C27B0FF3F040C4594B9A87A3B13F3C1283B83F85B"
"app/Services/SecurityDepositService.php","20712","60F9D7F74AFFA0B84AD88F2EB7615710A7D335BAA9CCACBE2D1AA4F55DF628D6"
"app/Services/SubscriptionPricingService.php","10587","CBA42DF9E1CD7C65BB8C377FC6A64476EA98A9D6E21328D5AF4FBE13DBA670C0"
"app/Services/TenantPaymentMethodService.php","4248","5B51241E297F07EE732AD6D5FD1616084273E65B3C6D28A30A8A15BAFBD5061B"
"app/Services/TransactionDocumentAccessService.php","6132","40966DB50FBB055A357045E49D644C9793EE0B21DFCDC63A033EEFD98971075D"
"app/Transaction.php","14306","8AF358B40EB94CBE5F99234467D97DA57DC1390CA87B8F4DF649AF532EC98B5C"
"app/TransactionPayment.php","3417","E57A83264FB142AD65C7F28F9C4FBE4368F28F6EF48C38D90891E1FCC1721D97"
"app/User.php","16917","0A65126040E3F95F9382B0368B22359A8FC311259A6DC858A02AA2D69EE4D953"
"app/Utils/BusinessUtil.php","15529","9631C150526AB4B39AE57485BDF8348CF520DCC7E241D64C2300CBAE4684A9E6"
"app/Utils/CashRegisterUtil.php","29213","A8921C5ECCAA296E3244C2EECA7841CC261122C309C0D3980F49348CFBE8FE22"
"app/Utils/ContactUtil.php","12574","53B102EB4253C1D82FB77CCFDF01C86B4C30E1F5383666093B2EFDFD1E3C5848"
"app/Utils/ModuleUtil.php","20563","68A5C98560B7E204B7436858B0FB1462AD92AFF7CC32175AC7F9A2F69C61AD33"
"app/Utils/NotificationUtil.php","16108","CA0FA2E065D1CF795F2C835A87E68E70551A85129671CF4B6880FAFE83491559"
"app/Utils/ProductUtil.php","120820","65CCA20CE695A40DF155289E4ADA2C8B6027C8FB13D83F43C3FB0D06E995E9CA"
"app/Utils/TransactionUtil.php","321646","0A53138DC537C6FF5E6EE0B35D13AAA19C7FD7AA890B6CF1D32645DC3262ABA8"
"app/Utils/Util.php","73207","12711D47928D141BB0BAEB7E216E1C4A663B04950948AD2F3DF33A960EA9EA99"
"bootstrap/cache/cheque_module.php","241","AB1A20578631898E49F380AE581EEC0AFE3DC23D3CCB69C325F85CE157D87691"
"composer.json","3535","D59ED26F898CBF00A65338318AB371506CE89F900A77D8E03FBBCE9181BAD94A"
"composer.lock","504245","8B96AF3ED9F3D06BE0A7DC61A75FED90D6D2A633CFF33F33C5671F1B41BBCBBA"
"config/author.php","754","C0736DFF521C073ED5C3EC04A832093FB4E5D91D58D3D639BF9201F329A5FD3E"
"config/canonical.php","588","B8027849EFE231D171418A03D73D4C2B74DE3195DB611EB2151143BE5E2F8846"
"config/casherp_mail.php","1528","2CC90D74C26A5B087449009C35427E9452AC5E962F647711A425F2E170D8679C"
"config/constants.php","4622","64154694F338D10A5487F699CAD0BAB64E1EB46531A1813834DC85E4B97C1026"
"config/cors.php","1153","E4F2C972A58B109371DB28D3FD1972748120156027F30DECE951BD194B07E9C6"
"config/data_imports.php","3545","0A4A26D16FEAFD568B0A52F4DFB863777FDB19AB50EF0A7E622E523A4876A4B8"
"config/dpo.php","638","869FE33DA352CCAC4710734D291CB5CF44D1DFEADF777F32F3C098582D1BB409"
"config/filesystems.php","2793","B88F5573F828E12B42C9EB73280C42B8F9133626C24CC04FC501ED141E3C2041"
"config/industry_onboarding.php","28841","8632427F823C18C75DBD2BFDD8DB8E2D93F201CBF56A02F65558646415CBAEFB"
"config/mail.php","4516","DEA46A18D630C67759099C13AB25FA1EDC85DC363C0591A3065D0968BBCB7A25"
"config/property_management.php","5115","05F2C10878FD54D719F95197E194E14E374892F2FD6688336C0CFBEC6C518860"
"config/smart_documents.php","45061","8DD45D80012FF3B63699FFDE59D3704C45A814012360B5B135502DDA5E1C159B"
"database/migrations/2026_04_03_000001_add_transaction_payment_id_to_cash_register_transactions.php","982","1D33B585F0E930B8AD55CCCB92D60C8733BBC1339C110208E945D7EC685593FB"
"database/migrations/2026_04_14_000001_add_tunisian_dinar_currency.php","1237","7A04B03ECE8FE791E16D07B72AC791A92356A6460365DBC9B0994CE62C974A81"
"database/migrations/2026_06_12_000001_add_expense_title_and_payment_to_to_transactions.php","790","C468243845C732BF707AF69B6BE7069AEF989DDFC17634DD7735B8C1BA532B16"
"database/migrations/2026_06_23_000001_add_cheque_due_date_to_transaction_payments.php","826","F401037C0BCA40956D46577949B376A086B67E881D60EE2A454D74B392103748"
"database/migrations/2026_09_02_000001_add_industry_feature_profiles.php","6701","2B68DB38D4C61CB40248F265C1A3D5D8D26B7B09B57C5633A479CCF50D86148F"
"database/migrations/2026_09_03_000001_add_coverage_subscription_to_subscriptions.php","699","4C2087465A565B3D2CEEBCFB90ADC77FE59EEC85CDAB7973E3772218EBA41656"
"database/migrations/2026_09_03_000002_create_property_management_tables.php","1711","F5B8CF6E8E60EB63A8CA02CE3B7B51C39A7CBE7AF57689B4A49407EE42E55442"
"database/migrations/2026_09_03_000003_create_property_rent_ledgers.php","1096","52A8FEFD408DBE5F01820F4D90DADBBC01AAF288AE24CE7ECC881437BC786DB6"
"database/migrations/2026_09_03_000004_create_property_maintenance_tickets.php","874","451C55E15F5EA34E32FB7476EE5E73C3B8DFE0A19981C1010D51D95949BAD42E"
"database/migrations/2026_09_03_000005_create_property_account_mappings.php","644","0EA10231D1F8E030A3DA98A005A278A526D5B7566F13F8E63A6CBDB6AAB7C332"
"database/migrations/2026_09_03_000006_add_receipt_account_to_property_rent_payments.php","574","293EAB453D7349F67A9CBD57F4B5663055E55B4474BE629C46092AF5AD89B4C3"
"database/migrations/2026_09_03_000007_create_property_accounting_postings.php","1419","28FC7C34902693F87C0FEE76A81E6019ACD87E7F20407FDB529ACFFC0D1F287C"
"database/migrations/2026_09_03_000008_add_completion_fields_to_property_maintenance_tickets.php","794","FB79610512D31B08D1187BE3DB7D136A4FC9128018BD704E7218314796F602C2"
"database/migrations/2026_09_03_000009_enhance_business_onboarding.php","1686","5E56D5500CC0B88F2F734EB4E43BFE382E8E2B30AE2F3BE86653A60E4AF7DA8A"
"database/migrations/2026_09_03_000010_create_procurement_workflow_tables.php","11191","1BBB62CD76BD81141094DCF96DE4661814809E22B8223A75286FC260E3B74357"
"database/migrations/2026_09_03_000011_add_property_management_permissions.php","1476","49F5097FD5B4E63FB228BA6C8FFC191E819B6979D93791B36009F39C0047273F"
"database/migrations/2026_09_03_000012_separate_hrm_and_hotel_management_features.php","1789","836ED7AB02D7E4C4974C0B6AF81D0AA33569E5CD5695482DFA653D9A29F43898"
"database/migrations/2026_09_03_000013_enable_hrm_for_first_six_industries.php","3703","A5383BAA2376D742D11B3377227E1E0C2421FC8861EAE00442F2F6842857357A"
"database/migrations/2026_09_03_000014_create_smart_document_system.php","15524","EC84347C8D5144203D9B0FAB4759EB6546B7AC476281E9929A160E7D8339C9D4"
"database/migrations/2026_09_03_000015_expand_industry_document_library.php","9679","BA833CBCB7FE672C72CB4E6C48D8A917DC72277664CE2B1E3E9DA0669E96F650"
"database/migrations/2026_09_03_000016_create_business_document_payments.php","4594","1570D1B170EEBC9A452B19018F332974D2D3215B8134DDB3F2798BD170052B10"
"database/migrations/2026_09_03_000017_enhance_property_real_estate_profiles.php","4911","A4624D939AE005E50DEBF9955095DE3146254DD16EAA43D9B3E636D26A142597"
"database/migrations/2026_09_03_000018_create_premium_module_billing_and_company_closure.php","10139","626F714161512D76A3B32A889807FE6A26C2065B474F43CD1D8A3D51130CE275"
"database/migrations/2026_09_03_000019_create_business_email_configuration_events.php","1431","39B64238F8659A2B22E241C2AC6C02A99CB0946106B1CBD0CDB6883EDAF16396"
"database/migrations/2026_09_03_000021_add_payment_dedupe_key_to_subscriptions.php","747","6560207D320BF27E5AAD5D68DD2C22C49D3E37A952C37070CEEF1E6491737948"
"database/migrations/2026_09_03_000022_make_coupon_codes_unique.php","1052","61E96D606B74CDEF36CA8E1A2F06D30A3C7197C050AB4E570EB469E15825D99B"
"database/migrations/2026_09_03_000023_create_subscription_payment_attempts_table.php","1725","8582D95422BAB742321DDB280B839325EEF8954060E40701C4A1FB7480386714"
"database/migrations/2026_09_03_000024_create_business_data_import_system.php","7961","5D3ABE19BC946D9C70B06F77E9A8F17B686C49BBC5468DF202845D0B38DCB603"
"database/migrations/2026_09_03_000025_enhance_property_listings_and_viewings.php","4732","92CFFD55DD87E48AFC78423270A6FDF21BA4EC515332E201AAA7040A18BF4B1F"
"database/migrations/2026_09_03_000026_create_transaction_document_and_property_access_controls.php","4270","8ED461419A15E9870DE80D6701D08CC29A9A37C31536EEAE0436564A1E13BD7C"
"database/migrations/2026_09_03_000027_create_security_deposit_and_damage_ledgers.php","23315","999F6A894CD0CFB07C774E5459A14FE6A04D32F4552D35F3C3E85AFCA2D7B944"
"database/seeders/CurrenciesTableSeeder.php","33193","EC7AAF9723BDE28E44FBD7203BB8846A407F86E1C163CB51F52803F5A7ABD866"
"database/seeders/DummyBusinessSeeder.php","478366","D07FA5AC528CBBCA2C9DB651659A4C30350FE2FB61B7BCE96FF3AA5902662B68"
"lang/ar/account.php","2772","6055F8C2627A0356E1AC3E5EAB9C1FDD892F2E29D9C6A4EB0B230DC3C43F10F3"
"lang/ar/auth.php","815","78475FF60A016A381E09A350A16292A8D9FFCC69E048B3F0BC1476957948BB80"
"lang/ar/barcode.php","2886","6E0AF18F4230899CD69A1D8EACCD809B609221B4E0E2565AB25FEE1B4DC56335"
"lang/ar/brand.php","1014","0AF88C4746DB0D9D06466392C28F7C736B46AE040659F6E3C2EC55F171B80EE7"
"lang/ar/business.php","5662","C447C2D9845B97EC3B90897F91FC43FE9D20C925933E0F4F28A9D89989369ABE"
"lang/ar/cash_register.php","3021","D5CFE8B0A641A5C0214E6A669584D08B80B4F42D89CB2CC5DE72B17CE9DDF9D9"
"lang/ar/category.php","1020","7F2FD5C3C3B7B038A2CF2A1463B0E7772057209BD68B080AED03FEAB19F18AB6"
"lang/ar/contact.php","2187","B1B0EDC734A02C348BEA83B28C03397DF10EDB260C63648FECFAD591DA92E42D"
"lang/ar/expense.php","2055","552106998515608276F348FC69477F591323F8C276CAF7AA42D45058AF0841C4"
"lang/ar/home.php","1398","6468B083F195AF6BCECADAD413F21EFF79CD00BDD2E54C7D8BE258AFA9DCF62A"
"lang/ar/invoice.php","4616","04683F1711E4B70AF8F8FC4D0D6D2D7C5F2F62B1EA804BB598185A615F83EA98"
"lang/ar/lang_v1.php","125316","8D9E76AB817CAA167E1109CA9E146CB5F13A9F0B851E1D5056B78CBC07078FDF"
"lang/ar/messages.php","2310","31AB6F65F41DD749FFA6DC6BBBAD8C2EC5368751B7F30DC97F21BE9E54081409"
"lang/ar/myfatoorah.php","1600","C5C60496034552291A48EA42ECAA9F18A4B995B6006A4A1977EE610656653E2A"
"lang/ar/passwords.php","992","FB4B6CE369ECEAB02E7D451544A5F0816957073C3CEEAEAA4DF8B4AF8D5C777E"
"lang/ar/printer.php","1290","445CC1F8485D3DBAC4B27A1B5252E1C6667341C6F2389CF2A734101E99E3FFE9"
"lang/ar/product.php","3405","7E34BA2216961B95764C034BE468865D80A9A53FD268253B8E2FD4D044FA98EC"
"lang/ar/purchase.php","4089","CB8077B51CCFD3F153DEB2B515211115EE14D033D59C5E65E0F0A3B9ED5067AB"
"lang/ar/receipt.php","1092","DF7194EDFA546CDAA12120F497FFE705E880A14BE77E429BC36CEDC12EB0350B"
"lang/ar/report.php","4373","9240C016A78F3D115E5B557B2C861F3C319A40976882FC4C8D009C88CEE51D50"
"lang/ar/restaurant.php","5879","AB8AA9250361B23A350490730A9820E1A03656987D587D16355F76D23DEA7413"
"lang/ar/role.php","5293","2AEF4837E670B593494F84352D403E8001E3911495FBBADBD1CBFD015EC3ACC4"
"lang/ar/sale.php","3092","C8486A1668DB7853DC3AD4C004F5F04491BA649761DB28D7272D9949EEAA960E"
"lang/ar/stock_adjustment.php","1366","FAAF2B69AE24EB7C657310C4E329CAC89D333281D13C8DF38DAFC3370F2B3E1B"
"lang/ar/tax_rate.php","1497","8B30C666E2D8491D6B598E0D7E51DA4D0B99CA278170E8FA418B5345D4EB392B"
"lang/ar/tooltip.php","10422","87149BE3815D93224B721DDE71AA49701C39691CCD74F7A71CA2DA42F4C34BAB"
"lang/ar/unit.php","916","69DD025A0961DB7A28943E2146B13672274EB30BE4A88758F9A8A01E8B8E613C"
"lang/ar/user.php","2039","05A1B1FAC9E7C3D1BE438267ABE8145FAF75FBC817643F461A1868A9CEC3EF6A"
"lang/ar/validation.php","13724","384ECC5F1861C4D46939FBD0571A6D8A4804AFE1ABF20B408288C2C1446086ED"
"lang/ce/cash_register.php","1940","35338FCDEA3574F2EFBEAC60442696380040B668D3165FF01E821366ADB92B62"
"lang/ce/invoice.php","3075","551BE4DFD245FCFA340CDA6D909DFFC9A257DF1AEB5C047E179DEA9DD1969EA4"
"lang/ce/lang_v1.php","81324","2FDC59DDC6488762E8B29DBF2A88EC5F4C492B80BFFC5052F454E781F6E3B548"
"lang/de/cash_register.php","2176","CA360D667DA20AB8C16560E91B8DF41D2C048DDC90A8408D8DDC80638B32AA3C"
"lang/de/invoice.php","3075","551BE4DFD245FCFA340CDA6D909DFFC9A257DF1AEB5C047E179DEA9DD1969EA4"
"lang/de/lang_v1.php","90561","307DFBC75A86CECCB8B3D2C367140AC3853AF26C35EE689345B450B15B143658"
"lang/en/cash_register.php","2274","63BB8779F5A97DEED208A9A5D9B40486C5CAFB16F5D2E822FE81CEB137B6D247"
"lang/en/contact.php","1621","FDAB1EAD34AC3B457888B660408324C20D6CEE44A8D00D4BD63B11AA48842728"
"lang/en/expense.php","1706","8E7CEFB29183205AF820EB34122749A986320D2C78BD32616D1DC90B0D15A051"
"lang/en/invoice.php","3420","B10A1A6EB669EBC2AA58814C3EC9E9F9F6ACE6D29EBD23484AC163EEB06EF9F7"
"lang/en/lang_v1.php","95645","4572DCF562EBFA01862DB7101DADF85883D301982CD9A10B6036D761C36E1AEE"
"lang/en/report.php","3733","DFA83E2D9A9DCABEF3B73ABC29066535B4D338CDA4610BDD5FE7E13E4FADEF22"
"lang/es/cash_register.php","2212","868630E6CA2F64BE37200720EC910F05C5DAE8D677221C1ACA708F8144EAE4F3"
"lang/es/invoice.php","3283","21367ADE735908C18745B03D584934B1E816C3FDDC655C6B410DB00DF09F180A"
"lang/es/lang_v1.php","92897","E6ADF89D48B9822A5CA29A8CDD4A90DC6745AEB137F2234AA896ED2D7D602C3E"
"lang/fr/cash_register.php","2213","596ACB717F96C42A9822552F0B1A84710D12C9577CF3F3026D81B3A1D435E53A"
"lang/fr/invoice.php","3299","DD6978459326D940FCDA9CBBE56E084340EDB8C82D440FDEC5822805839F9D0B"
"lang/fr/lang_v1.php","93625","557A42C25D6B21A37DBC65385BD7FAC1984026BFC28D999CE5C5CE2588DD98A5"
"lang/he/account.php","2452","968A4DCF3BE94B8FA621BF0D391E2E0FDD539B462FEE67B7EE3F6CE2BE762339"
"lang/he/auth.php","288","BF4E475FA5720B87DABCF9EB18AB108B0C9F3142B721731D12E65FCBAAF521C7"
"lang/he/barcode.php","2248","3B65C0D2F6AC3CEB95EF98A992F88F7DD1D8248764AB94E94A341E9F7C61F2E7"
"lang/he/brand.php","519","D1866CD808D4E8CDAD9A64704074AEE52A048F359D6EC15115438FB5F17C344A"
"lang/he/business.php","4427","8FD0D742CFFEA576C9D5AEFEC346B4913B21EAF3D6FDC23D01DADAB346010B55"
"lang/he/cash_register.php","2302","670B164A048A64624164F342A5C9B2A1A33E1C6441E977E9B5398249CE0AB145"
"lang/he/category.php","721","8D33B73946B492226625C9DD72920A831BE1A0C5350E4876F4A9FB0616FA1F3F"
"lang/he/contact.php","1524","BADE83C6D7306399ADD8EED84F7D04D32758E337384B1E793F88D6C30E31CBFD"
"lang/he/expense.php","1587","B1DD99C110DF17012C15850ED498FE71A4CC407898A1CBE8313C23D9054292C7"
"lang/he/home.php","960","562BD70FAC08DAD5DC0B36CD742ECBDA00D92330952FC86BF757F15A7068004B"
"lang/he/invoice.php","3622","4CB3CBF1FEBF4B2A4E899C81B925CDCA51E046EA9595F2D3028BDEE39E288BC4"
"lang/he/lang_v1.php","100816","FEA19531394C75EBE995728C4A7F39B1BB650AAAA27952496DF55FAB8CC93195"
"lang/he/messages.php","1723","A385BE84189A840F4A306D110AA232C4DB60489F9C70C48CC492668047B0E273"
"lang/he/myfatoorah.php","1294","FB6C69B49A70C2F943BBCC82DFFD5500D9AEF7D20FEF33BC3E9E5A570E010876"
"lang/he/pagination.php","91","AD811C4675BB8CCAEED72D6B54FD9D900DEB99A2909BAB5ACAAF50DC941BA175"
"lang/he/passwords.php","378","E4447A1AF851FF937C59F0F25B91C976AA9331F05BE74EDA8F6FC84E9AB74298"
"lang/he/printer.php","886","69D4E3E2BA63365E0B80953B6C473A4E976A1DCB478DE000390931D8E8CCD0E8"
"lang/he/product.php","2541","8098B6C250EC6692E7EF5C711206D0D1BBC64A838BE3692634E94A46D9F219B3"
"lang/he/purchase.php","2874","699730E6E677B337ED2F8BF32643F375A6F91C304280A11DA1478B6F144DD097"
"lang/he/receipt.php","688","EBA6F730DD3AD03B6D7D298EA74AE385DA3D8BBD953C1B48940FFA68A51F14BC"
"lang/he/report.php","3219","801D9F220EA50CFB744B8AFB98EC0AC0B5AE757A73FB223301CC66F5851583AE"
"lang/he/restaurant.php","4778","4BEF3F595150E798922B030BEDB85CE11606A0E762D7F4ECAF570F07035E72BC"
"lang/he/role.php","4212","CFAB170EDFC4EC7835FE56D74464C18D203E41A90176D7BB85E9F95B39D51C6A"
"lang/he/sale.php","2449","56443FF158A7387B6F357596C052842D7974502CB864BC287C384EFCA6101818"
"lang/he/stock_adjustment.php","881","456DBF8A731160070A5B4D7C7D29107297C57457D3D44C24FAF6422E892B4151"
"lang/he/tax_rate.php","961","1F54E0554FCA70F3D70167DB18F989BE16AE18B7CEAF96385CF13DBB83042515"
"lang/he/tooltip.php","8066","DD89FEAA0466C1EE0598025615E5C76725431CE72824D9DA9400E78A797E57AF"
"lang/he/unit.php","524","3BE159F413FCD9286EEDB0E19674EF07A2E2F3C84B971F891D465E037D758F8F"
"lang/he/user.php","1477","E9F3983AD088A039F2A1E93165438E0D2AB5BB95EEC8723EB5B278A5FB0B1D10"
"lang/he/validation.php","10424","9F4D2E13655831B0F3E4FEE28860C7F3A7E634CFE49F0BF0D3E2B975D3ED28F8"
"lang/hi/cash_register.php","3044","967E089B11757B443EFC84C3FA4B380B68B746748355BADB7783288B30962076"
"lang/hi/invoice.php","4621","2DEA3A7E5581678DD6A7503A503CDAFB03EC93CFC153D1632790BAACD09EF826"
"lang/hi/lang_v1.php","143489","B9B5836132A8160D100C49AD0FF1F85FD882AE36F36154115514B995798EAED8"
"lang/id/cash_register.php","2337","4882AA49267B0D33C3332DE6D9250CFA3E0D15E264D155C251D5A54DEF2CE332"
"lang/id/invoice.php","3165","70E5AE5052ED85712386FE0FABE1746D4514427A55CA398BC8B5AF2C96C1E052"
"lang/id/lang_v1.php","86289","47F60C45A607DC9F38097363B21A72007FBAC176E14ECF6A088238B3CAF5C737"
"lang/lo/cash_register.php","3762","38A183682BD8C82880912EF34E35BAD93C22B740D0C0DD8EC78F2330DCDBB975"
"lang/lo/invoice.php","5287","60612703F4410D1BDF5F012837CAA8825478077BD171555D78E4EFE53CDE1715"
"lang/lo/lang_v1.php","152315","D6D578C93D8F1ABC96C5A0676A2D77A8BA5A311236F5CE3B3DC3A961E6FA4784"
"lang/nl/cash_register.php","2137","EE23DBD97ABA8425A2641D8E0DB25A404918CD1F1888BED39904CEEB8673E463"
"lang/nl/invoice.php","2935","00C003AB8359B8B98EE2624F146372710D3EB03DD9794AC48578B9BFCF66626F"
"lang/nl/lang_v1.php","88023","68420C824181255591097E7EA178FF393052BC73E3F769A50C0492BE7AD8D6BC"
"lang/ps/cash_register.php","2914","4BBAD0352B1FDDC6C46BE015917A9F4D04D04CCDBC7096F7F581CED7DE065F64"
"lang/ps/invoice.php","3928","92587FAC7CB201C7CBFCC21B4F60C206B5B560559AC84250FB45674F54881649"
"lang/ps/lang_v1.php","112139","B98BE92AB42A3335D23AA673B9A9B150529CF78CC2CAE3048C23CD8E3D41921C"
"lang/pt/cash_register.php","2195","64C524CDD86D9C83A313DCD4F1521AB2DB03F8148F3287B02C8A8FA14182ACEE"
"lang/pt/invoice.php","3164","D50259A5E8EF490323BDE213E5B15DE9B95D79AC1E3A9EA86C7E647480AE9F56"
"lang/pt/lang_v1.php","92440","3F39C2F7D15815ABE229CA900880F0E55367AC8A18DA66B5808F9E4D69806AC4"
"lang/ro/cash_register.php","2335","270E39457F55CFE3D0F5ADE1E9A52B8691176868A67C6A4831CD218EC5B0862E"
"lang/ro/invoice.php","3002","D71CF8206C08B073A9B6EE7486605EBF1BC7035586CAEA2BAC58BB888A85C7FC"
"lang/ro/lang_v1.php","89273","89FAB9FD1C3D46995813649EFE54E7479623674181FBDD312B6E3C21776365E2"
"lang/sq/cash_register.php","2224","E3D1F407EA61D55CDB1DAE2D851E4573F86CC31AE0223FB275966B94A6EB207B"
"lang/sq/invoice.php","3103","D77D2A52323CFC2BA88CA78A66F5060778EFD93FC7C486DF933B65734967572E"
"lang/sq/lang_v1.php","91156","A448B1ADFB05F3285492ED08BFAE0711ABE47D291BBF4E193EFEC375E9B732C0"
"lang/tr/cash_register.php","2376","31B4A89E2B2C43C154A42700F2ACCCDFF12BDE2BD161B168E7C6F106A3BFB5F0"
"lang/tr/invoice.php","3277","83804791CC01A8461E2CAAB806FA2166CF8E79CC238FFD32889CCA3CEE2FF408"
"lang/tr/lang_v1.php","89553","6E2341D72D913A5123246C8A7EBC21C7EBE9CFC5D24263C414C3A01CCE4C5141"
"lang/vi/cash_register.php","2541","2D654F55D3AB889D9AE98A5916E21B1D1F6B9B05FB96718F631D8B3691FC5AB7"
"lang/vi/invoice.php","3594","9DAA88124E6B79A03B4935332BBB9E65D90682FB03A5F2F7BFCCF0792FD75499"
"lang/vi/lang_v1.php","99414","ABEDD3591D2DB4869DD5B836ABD684B2B10B4D6A4D5690E57E0FCD6D41462C79"
"modules_statuses.json","522","D09C78F8B3466F92179D00E3BE65F8AF4F55C88173E944A3088084FD5F354BD2"
"Modules/Accounting/Http/Controllers/DataController.php","5079","DA8EA34BCC8D7A690852198C5A7C8AAA1DE3B2A3CBDD21813F79857126FBADC1"
"Modules/Accounting/Routes/web.php","4498","8B6C2B4DA928A9DB4EF495F8ADCDDD1DD06E67DE92513E7E46B6E7FA649240DC"
"Modules/AssetManagement/Http/Controllers/DataController.php","5716","7AF7CECF9FDCD1D5907AC4BF7769EDED9EB864FFCBF006FDBB537FC0D401BC32"
"Modules/AssetManagement/Routes/web.php","1290","FFA1005E3989C77D9CB5287535508C6547231B58DB2566097A44DAA7FC9F7CD4"
"Modules/Crm/Http/Controllers/DataController.php","21295","3F1A7DA188FE93F559BD39DC39E4F1643FF85721C119F41D31056F6153E1B20B"
"Modules/Crm/Notifications/SendProposalNotification.php","2215","A31D91A4031CA0C189021D79F6BBC46885AA4D75D38695FD5C2B14B85C07388A"
"Modules/Crm/Routes/web.php","6336","ADCEF3B58100E4A847A36CB6F16656CC16B5D4AF4E6E4EB4C37687DDDE65C0F1"
"Modules/Essentials/Console/AutoClockOutUser.php","3323","31D5375B4DFFA7DFCA70546B5C1F1E0C1D965073BBB62683D4AE31FFF795226E"
"Modules/Essentials/Console/MaintainHrmRecords.php","4502","26CD9A29A1F21EE1C7205B2E3731720A122B8B488A40DC7EB5CDCA4122B37DA5"
"Modules/Essentials/Console/SnapshotHrmMetrics.php","1183","3C901DDA71978CE252830E990C910FC20683BBD5E4680F9876B6B7EFECF36E34"
"Modules/Essentials/Database/Migrations/2026_09_03_000001_harden_hrm_data_integrity.php","2600","9F043BF5A6C7F1EA3F0E0157FB837846F0424BC6F7C3CFAEF186D55A84DFE80A"
"Modules/Essentials/Database/Migrations/2026_09_03_000002_create_hrm_employment_security_foundation.php","10485","1E065FB1DB7D9D5466E03A21AD1AE6DEBC29357AECC272C17034E2A03555F8E8"
"Modules/Essentials/Database/Migrations/2026_09_03_000003_create_hrm_payroll_governance.php","9445","3F52518A60C19C1258E0698A3B005A34C581F3A147D92BD3AFC6C769A9EEF4E1"
"Modules/Essentials/Database/Migrations/2026_09_03_000004_create_hrm_workforce_and_lifecycle.php","8471","A29A2A9B2C17392547B72CD017DCC619C9C899C542FA8B1CB7BD82AF00C0616A"
"Modules/Essentials/Database/Migrations/2026_09_03_000005_create_hrm_talent_and_insights.php","17513","A1A8CDCE66DE7F987CC1D8E7029B517B7772A43CA7FAC614AFBE71DB04E0AA63"
"Modules/Essentials/Entities/EmployeeDocument.php","656","D93C977A85C02244D3A4962EE5AE66B0694AD8E9DD88A08AC1B1C04D39BAF964"
"Modules/Essentials/Entities/EmploymentAssignment.php","435","FF6C0CCD7D36528CAEC7BAECB6774C892E924CED0E4D56EBCA0BA8E0326F428F"
"Modules/Essentials/Entities/EmploymentProfile.php","3145","C87CDEB918B714857AA20115C868552E4830579DB3372B7F4D105211D8E476ED"
"Modules/Essentials/Entities/EssentialsLeave.php","1242","A231EACC665FD1BC64ECB7C1FBE26FCC56FB36DBEAF7602F3F4AD9B46756CCF3"
"Modules/Essentials/Entities/EssentialsUserAllowancesAndDeduction.php","669","9761762FC41B2653C90142130370404FEC3F2A6336153CCDC5D198C828278BEB"
"Modules/Essentials/Entities/HrmAuditEvent.php","644","DBE8787799D6B10E2ED926AD2A8B64F8606193AD1FB3237CABA08ADB97E10C0F"
"Modules/Essentials/Entities/HrmChecklist.php","614","A2957341002D2E520A8833FE6EAD97CBA543C4F4B6A86639A21D1573E9AF95B4"
"Modules/Essentials/Entities/HrmChecklistTask.php","384","05ECFCC7BAEFDB32508EFFED36FD7D89780DAEC2F2EC04FB43CEB717FDFA926E"
"Modules/Essentials/Entities/LeaveAccount.php","1124","AEE6C17F7D0B4BBB899195534678C45097EF835C96C0EB682305083528D5C60A"
"Modules/Essentials/Entities/LeaveLedgerEntry.php","655","99769FDE824FCC54A0C0C2DB78EFF24A04B2D4EC88B02AD3A529D2D5C4330503"
"Modules/Essentials/Entities/LifecycleEvent.php","634","CA61CA006A6C668197886B6B71802000E5877BBCF47F83CF7C49105A3E20F142"
"Modules/Essentials/Entities/PayrollApproval.php","447","7E2444525D16697BE902B6C22F9AD5282090BF991F3083B167A25D6BC879E81F"
"Modules/Essentials/Entities/PayrollCountryPack.php","549","58AE6E16AFAF023F46860058FB61F65B5EC2267AD405EDACF51ADA376E210D07"
"Modules/Essentials/Entities/PayrollInput.php","621","6386C8A53C0BE94399FD77CD8199EA5B3035E1605EEDBF027E2B1B70C90323C7"
"Modules/Essentials/Entities/PayrollPaymentAllocation.php","444","F2EE5654FE594A8B5918099F9DCF8E112C899BC44FBF13BC967CA2E33C10F984"
"Modules/Essentials/Entities/PayrollPaymentBatch.php","687","42288F69682EB9CD310BA17784F4EE3FF1015D68B2A91F5F519AC764F277DF01"
"Modules/Essentials/Entities/PayrollPeriod.php","539","8B5DF056D89E7B78567639AC2E72D02321295C55A7402F9F356EA8E48D14E9C6"
"Modules/Essentials/Entities/PayrollRun.php","1141","F0A838CD14ED1DD7166D8A2B80CD5992193727BB5A3FAFB56CE9214D22BF1DDC"
"Modules/Essentials/Entities/PayrollRunItem.php","678","9989A2E383B9399B972257AA8904AA07A4CF75E8D5AA56D282073113D2712464"
"Modules/Essentials/Entities/SensitiveAccessLog.php","599","297DB06EFDA684CC12DB41EE00C46ECFF2B4F71CBD4B2B0F42F818BF2B701D11"
"Modules/Essentials/Entities/TimeCorrection.php","582","3263D0FEB09B045CE52A54966A945F7D78912DAEB675B0BBAA77B1DA3F72F97D"
"Modules/Essentials/Entities/WorkCalendar.php","477","D02405D0F457367B2447FCF3B0DD2847F6F37B5BD145765E257A83B3065F8716"
"Modules/Essentials/Http/Controllers/AttendanceApiController.php","4296","8B1C5BDF78B7B78D6EB82FA67FA02FE3559EEDDA208ACE798B686FCC9C2BFA8D"
"Modules/Essentials/Http/Controllers/AttendanceController.php","40832","5F83AA4C301294508D52947E0B2783025B8C64514E6C4227765A6F16988FC541"
"Modules/Essentials/Http/Controllers/Concerns/AuthorizesHrmRequests.php","1630","F8CE45F5103689743360C12E6A6A744DAE2243EE802815AAF7C480D82CBC272C"
"Modules/Essentials/Http/Controllers/DashboardController.php","13302","2CAD867FE2BFEFDF63C9801222F00EDB6C1D8914BCBBFC0209543C905499411E"
"Modules/Essentials/Http/Controllers/DataController.php","58861","94514BDC2EFEDFE926195BC57453DAD88ABA1EA98A76AEE4AEAD1F39386AD0EF"
"Modules/Essentials/Http/Controllers/EmploymentProfileController.php","16167","416A2D76E22D13B11960BBE9AEBF666EEF10EFB34EF77BC408FE466138A97479"
"Modules/Essentials/Http/Controllers/EssentialsAllowanceAndDeductionController.php","12906","B45C12DCCE75B56AD474129BF1CEAE42FDE8DA3722B48F7125CBD8A97389A46F"
"Modules/Essentials/Http/Controllers/EssentialsHolidayController.php","9205","ED37A09DE32B0354954C4BFF9C488CD5FC69DB255970E405506058389130D3DE"
"Modules/Essentials/Http/Controllers/EssentialsLeaveController.php","31383","CA3653ED730636B8D30F554D410E3FDA0910268E00EF61B6BA58A7DD8F41C114"
"Modules/Essentials/Http/Controllers/EssentialsLeaveTypeController.php","6135","D6F0EB1896BC1BEFB8FCFC9D5D8E9CFF8C1441EEE74F210A3AEF594A8074F89C"
"Modules/Essentials/Http/Controllers/EssentialsSettingsController.php","3521","0464B91D709F6473239C310F9D84FA28734BD1F27B756D3D3D06C1A5B11589B3"
"Modules/Essentials/Http/Controllers/PayrollController.php","76837","1819823EB40F5CE63AC45B4A59F5962794CB8F40AC99D68C31B02070F4411E6A"
"Modules/Essentials/Http/Controllers/PayrollGovernanceController.php","18854","26B718C1A4C7B912F7A788B423772B2EEAF29AEC6D237D2F7E94EBC9B4DEE9EF"
"Modules/Essentials/Http/Controllers/SalesTargetController.php","9268","6AC41D40AE2020032AB3E8DD9C14CF99102E084AF2D8C222D8B925895AD5CECB"
"Modules/Essentials/Http/Controllers/ShiftController.php","16441","ED15C5D71718DE3C312DD7316EEC6A641E940C147B4400337E8E3503CB1CF8C9"
"Modules/Essentials/Http/Controllers/TalentController.php","36736","FEC97729C5F22311F23BA3CF46BD10C6C7DD5A91B6C45D6B0229D85FB518685C"
"Modules/Essentials/Http/Controllers/WorkforceAnalyticsController.php","2392","693498355AA89E02678484AA88BF9BE9161E5D5F51B117026ABA111DBD402D0B"
"Modules/Essentials/Http/Controllers/WorkforceController.php","27328","6B0D642827CD1AE16B5D19694DBD443A35FCCB1FE3F7FBAA774A86735B719EE9"
"Modules/Essentials/Providers/EssentialsServiceProvider.php","6854","D9C3CB265334B4B9466FC3A2E9A6A70F7B5C8D24A26EAC70812F62C5A708DB36"
"Modules/Essentials/Resources/lang/en/lang.php","15279","87FC953EF7E7B3F652108C4E00D7E1AA2A8A9DCCF4DA5B570BDE6E91B8B8F153"
"Modules/Essentials/Resources/views/analytics/index.blade.php","4247","A113B22E6593B90669F7D9942C28D49B1BE40AFC566958BB2F610EDDE3706528"
"Modules/Essentials/Resources/views/employment/audit.blade.php","1646","FCCD2BC6666DFD8013BAC80D290AF027D04AA7824AD2B253128B7616AEF5242E"
"Modules/Essentials/Resources/views/employment/edit.blade.php","8300","6F4652B08F361AA2858633524DD0C537881F643477989932001CE9E043EC1B11"
"Modules/Essentials/Resources/views/employment/index.blade.php","3776","D71840A30F5A8071B8476E7C8D5333B982C45E72386CB671A48B30B9023E4316"
"Modules/Essentials/Resources/views/employment/show.blade.php","5995","5D5AED0728DAE65BECD667CD363AB80AF3A1FDF879BFE6731D7548AA5599273C"
"Modules/Essentials/Resources/views/layouts/nav_hrm.blade.php","7004","85C4D632F0EF4C01D23FC94E44F06EA8857DBE7CE2DF91A2EBEBF8B58F3AD7BC"
"Modules/Essentials/Resources/views/partials/user_details_part.blade.php","2005","B0C58E8B40986D59EF2DBF3B26E47AD92619BC18FB5B347D0BA618821CED0573"
"Modules/Essentials/Resources/views/partials/user_form_part.blade.php","7563","2A39D3E4EFD3048ACB030082CA18ABA4EEBB686FD309BF77E8EB377ABF7E40FA"
"Modules/Essentials/Resources/views/payroll_governance/index.blade.php","8833","B0ECF2A5931791C9786D95C998A064F63FEAB333E4C9462ABB1F64F91635602A"
"Modules/Essentials/Resources/views/payroll_governance/show.blade.php","11532","B800C4CF148FF5506E7B84ED8A838F53453BF6115490CE146C3B5BF78BB3AA85"
"Modules/Essentials/Resources/views/payroll/payment_row.blade.php","4720","BC18499E97DB986A19024634AEF1E36FB77E1E47EAE86A0E4B9EC1383AFDA677"
"Modules/Essentials/Resources/views/talent/index.blade.php","31983","11E4CECB0B7BA77894B3999C895F65FA00D026AF561FE386EB4410F29B7826DB"
"Modules/Essentials/Resources/views/workforce/index.blade.php","21742","832C00B9311083422E476EA51F67BD4866C4F9F9623F7B96915A5F16348389D9"
"Modules/Essentials/Routes/api.php","397","2BB93B9A9280717CBA700B0206E6B10C01E521772D547098D9DE1589160D5D93"
"Modules/Essentials/Routes/web.php","17148","3D2B23A48A3F58E72910142C2E71645B4514F1ECD5933B8E8E2BFC686EB7D1BE"
"Modules/Essentials/Services/EmploymentProfileService.php","9907","BA430F6B7FD87303527B9A603A63E0AAF22E69FD2465A360AB3AF74419D644DF"
"Modules/Essentials/Services/HrmAuditService.php","2962","6E3EC7E4A4E23FBEB4F74E4B3A330460E4B62AC4825EA89C08CFAF3198350001"
"Modules/Essentials/Services/LeaveLedgerService.php","5436","C8FA097BD1B1EBF683F5157D6410820DF92DBF183F7B9EAA0770605CA000C695"
"Modules/Essentials/Services/PayrollCalculationService.php","5085","8AB1CA7A3D9BCCF036702BB52FE470E21B6631C6EB4F4CFF60E8C8C1211F652C"
"Modules/Essentials/Services/PayrollRunWorkflowService.php","20465","0ADA98D96DF8956317B6E990A753A450D79834DBEA7E14CFF93769C629FEB77F"
"Modules/Essentials/Services/WorkforceMetricsService.php","6320","F67AB385C571F28BE910C4DE661DFBA012FD999332F1F0CFC88E15FFDDDF72C4"
"Modules/Essentials/Utils/EssentialsUtil.php","19336","2F99CD14FAD2CE5168B8EDD09020F1D8EFBB0C68804E26ECE033416B33A1AC5B"
"Modules/Hms/Config/config.php","96","534858B4E5593EABB57D2294735329D6C9B95E3ACAA78F969FC2BA8B783836E2"
"Modules/Hms/Console/DispatchGuestMessages.php","532","EA3EACBD47147C265F97C01C913E09DC355859F412D7155CF45A69923C7A89A3"
"Modules/Hms/Database/Migrations/2026_09_03_000001_create_hms_housekeeping_workflow.php","2379","B1EB16A9655FEEA16055748B8EF68114C25CAEC574689B1A9BD4158E0BD7053C"
"Modules/Hms/Database/Migrations/2026_09_03_000002_create_hms_front_desk_operations.php","3814","39CBA5A4F27F4B055AC55FDC2041700E2763943A30BD70195636D94E9C323FD5"
"Modules/Hms/Database/Migrations/2026_09_03_000003_create_hms_commercial_operations.php","12547","4FA0A9738FC95C6B55A2E0568D570D432DD3812A1E9328DAE9622B4A95417777"
"Modules/Hms/Database/Migrations/2026_09_03_000004_create_hms_folio_and_night_audit.php","6359","5FE7F2CC6D67A2D6FD64AC961D387C40737C3308F42A909847DA0DF80D924D68"
"Modules/Hms/Database/Migrations/2026_09_03_000005_create_hms_service_distribution_and_revenue.php","8494","F1AB20E61830C1712DA63126765CFC98418736953C6A746FD232CF5CA2F4E8B2"
"Modules/Hms/Entities/HmsBookingEvent.php","490","57C31A03ADC82A7A313700399E3AF7EAF7C536CD9D9928FBB76224DACB4DC754"
"Modules/Hms/Entities/HmsBookingLine.php","584","8E0777B644481C3692A0EE1FC4A8A3028FF05A8FF1435857A0F222DC1658C3BD"
"Modules/Hms/Entities/HmsCashierShift.php","478","EFBEA5AE6F3C67539C8F78582C1F401404D599B966C125A7B712BD11B77D70FA"
"Modules/Hms/Entities/HmsChannelConnection.php","711","8D1081884ED65A469ACC23C3B51C454A5DB2A755AB5BE99EC8050C0C3FF62032"
"Modules/Hms/Entities/HmsChannelMapping.php","204","79C48C6F1319193B855E872695C16EDC49075C1EDAB6FAA85FB65D92D99BFC79"
"Modules/Hms/Entities/HmsChannelMessage.php","265","4B01042BD035744B5462443702B41FA8D41C2755B0D369D0065662936C6F15F1"
"Modules/Hms/Entities/HmsDepositSchedule.php","311","BF5E76A9728A3D2C812EE3433CBC6B6F693B379D1D3FA676851D024802028434"
"Modules/Hms/Entities/HmsEventVenue.php","319","DEFA3C2DA08F59FDFA0CA85579AFC49622695E418A3B0B131F7CA6655D44BD94"
"Modules/Hms/Entities/HmsFolio.php","1417","2509F6EF9A0BEF3AB51199BDA68063CD1CA2A6D8C50538C50A136DBA1DE9EA1C"
"Modules/Hms/Entities/HmsFolioEntry.php","465","D59370DB50EC3D8C2A81C641C7E9107AF3DA08C16063E4B85B94BE76AB473A38"
"Modules/Hms/Entities/HmsGroupBooking.php","775","3AC17E2B1BEAE8065F4A4F2E2B88CF3C0CA9EC42E3344C958CF090C769C511D6"
"Modules/Hms/Entities/HmsGroupRoomBlock.php","558","9830CAB0125154F46E031988228FCDF0BE053354A59EEB173632BF9324EC1033"
"Modules/Hms/Entities/HmsGuestMessageLog.php","706","4AC969243A3C2784327848AE228EA83003D438CC6FCD50059281E02154872DA3"
"Modules/Hms/Entities/HmsGuestMessageRule.php","252","8AE29AA35F9D469A583AFA0E7A980B7DA57C11150E9A097275FA4C63CA4A0E4E"
"Modules/Hms/Entities/HmsGuestProfile.php","569","BB40DEC434C4C41280B43A6DCDD13ADEA443DFBF41C87009895FA26815B9F9E9"
"Modules/Hms/Entities/HmsHousekeepingTask.php","1021","65BB7BE6D1FF120FBAB38657EB29C0F45881E6F3024D9D1415B1087186149067"
"Modules/Hms/Entities/HmsNightAudit.php","471","9108E24EFC41CC08DB9BE7A48F16DB6791ACAEFE291BD8751D76BB02942CD106"
"Modules/Hms/Entities/HmsOperationalEvent.php","212","D898ADCE289C09F5FFC1C0FDF377783F58F4FE0AE206CF93624F5025E0F7C4BA"
"Modules/Hms/Entities/HmsOperationalTask.php","894","0F23A3260328A28D83703FA1B5068717BE2EE57FDB177EFA8EAB5871330EDDCF"
"Modules/Hms/Entities/HmsProperty.php","904","3B31AB44DBBF93493023EF7A0AF842366D42E17AB498128852C0498A8C12AB9E"
"Modules/Hms/Entities/HmsRatePlan.php","801","D06DB0F309671055522DB5757510AD6EAB795B1A55DCCAB633707B187D75A2DB"
"Modules/Hms/Entities/HmsRatePlanRoomType.php","392","0FCF0FD67C8C74D4995BA29DE70CC87359058B7D9EBD90473D3A4DE865455E28"
"Modules/Hms/Entities/HmsRevenueBudget.php","199","0A13C0AB0AB90714EE643FB909A5125DDFB82E78C310A0179F6980D9763A4E14"
"Modules/Hms/Entities/HmsRoom.php","763","4A56817CAD10F575B3F2947A3B14649E2F410EA577C90102144A7CDDA663A6C9"
"Modules/Hms/Entities/HmsRoomType.php","901","5C7386D1C31238C0C1279D3F231D0D1A5960280130B3B0B59CD9F55E3BFAF3D8"
"Modules/Hms/Entities/HmsTransactionClass.php","1249","FCC3AD1C4BF2E8C92F3D7E534349B67EED217C74A6EDD2A6998CBA553C3C74A5"
"Modules/Hms/Http/Controllers/ChannelManagerController.php","4709","E6C03112A3E444FF12EBC2ECB22EB85FAA15B5B2D576BE6E1F2FEF0F05FD1BDB"
"Modules/Hms/Http/Controllers/ChannelWebhookController.php","1206","969DA466742DB9CC2958563466D89ACBE55631B3463D9B40E31E79D6CF4EF3D8"
"Modules/Hms/Http/Controllers/Concerns/AuthorizesHmsRequests.php","958","B36E92020FA4EF04A68891DCE326167E27B467CA04926F425546637BC8FE56F0"
"Modules/Hms/Http/Controllers/DataController.php","22979","314F06E3961A1D3142AA6316D4C5579EF8D74FD24FE6C5978123970C9C738ABD"
"Modules/Hms/Http/Controllers/EventVenueController.php","2314","9697A5F4F54DE76FE7A48284189010B0AFD2AB6F57D4BFA4F3066B54C212A601"
"Modules/Hms/Http/Controllers/ExtraController.php","9206","6449E38C85B3DCF1E337786102F3F57BA6A4CC9946B1B8172D2A0C5ABC25C13E"
"Modules/Hms/Http/Controllers/FolioController.php","16511","8CB28E350523943B85CFC94B0B64CCF018145CC618A313A56C8F4C3BCDBBAF5E"
"Modules/Hms/Http/Controllers/FrontDeskController.php","11437","D4312743DA2A6412C2B8467284059E4E5C9F3C012D7CFB13EE5FE41EDB504D6E"
"Modules/Hms/Http/Controllers/GroupBookingController.php","6955","DC401699326AC0F6B761973C70B876BD7C373045606C37D6EB3F1C7EDA226C7E"
"Modules/Hms/Http/Controllers/GuestMessagingController.php","2598","2601E81A96F3C9D92B2B01B9BAB37CAA699051AC4FE1796BB4CAFBA3DB24CE9B"
"Modules/Hms/Http/Controllers/GuestProfileController.php","4453","10576CF3597E687F566971864B088563F3A048FAB1F01120CFF838C335DA1E42"
"Modules/Hms/Http/Controllers/HmsBookingController.php","77384","5D6C5A4DD935946AE348EA04B4482A66B40C687A4369AF492356745B56A2D833"
"Modules/Hms/Http/Controllers/HmsController.php","12110","E69BC71E7962C774339B189116981E0BD97847383D09CDB275569BF3310496C5"
"Modules/Hms/Http/Controllers/HmsCouponController.php","12614","DB6B89849B734FACB9A0488CB2D41AD3893508CB394DAB9B2ECA8AD4B92A1B9A"
"Modules/Hms/Http/Controllers/HmsReportController.php","14417","D62E49012C4B5556233572E1CB70A7D1990AC7CE93816C21F48601FD57F4B254"
"Modules/Hms/Http/Controllers/HotelOperationsController.php","4302","57AEC3F0C6A02FB40007E93FDD788E0C172B34C6C2CAB6AFDD0BB4AAE8708B0F"
"Modules/Hms/Http/Controllers/HousekeepingController.php","10912","AEE22B5CF203D0392B433B907581FA5E36A6E800355F6CDBAB971381FDAC2B99"
"Modules/Hms/Http/Controllers/InstallController.php","5804","DD1EF6954697CC9834162B0303A3C099B3E2925C333355C59D371C85AA46E0D6"
"Modules/Hms/Http/Controllers/NightAuditController.php","5100","E22F74F28165ADFC7C0FE08DA3E0935D77123E7FA3A954F72D43753C8526219A"
"Modules/Hms/Http/Controllers/PropertyController.php","4070","8838F76CC4B39EEF5C80AFE7B652C108B9E90892407D5366C3219DEAC9F45E0F"
"Modules/Hms/Http/Controllers/PublicBookingController.php","9108","ED846C1C08B73431737E47AB7A02C4518CC32F9BF56AB604055ACB142D2AD962"
"Modules/Hms/Http/Controllers/RatePlanController.php","6190","8DCFE8CF428D52E7C88913801656DEABDAA534288F5D42528561C6947E82899B"
"Modules/Hms/Http/Controllers/RevenueController.php","2417","84B85D9973DD6AFFB65FA9085457AB4B55C6C481BE19DDB9FE3EBA440FF05372"
"Modules/Hms/Http/Controllers/RoomController.php","25976","F78FB28F23F9C0E3E827401FCDBD044CDDC31085ECD93CD5FA74565A9152FF27"
"Modules/Hms/Http/Controllers/UnavailableController.php","14695","585AE5FDC13E891B2C5C32FED5F42F19B2E66CEBDD3201ECC04844AEEBFEA7B6"
"Modules/Hms/module.json","414","5270D104463B22BFE5AE04A259CD4CE81DB7BD58B7EB87DE672497DDC9E4AC08"
"Modules/Hms/Notifications/CustomerNotification.php","2337","8C16A2BF3BF9983F42A2E24FA519A68C3A6BFC5C31A62D3091C9AD6D170BE523"
"Modules/Hms/Providers/HmsServiceProvider.php","3498","98DD01444C382D8F00A18E45563FC93D02A4D5E38A2AB39EB519A52B3697FA70"
"Modules/Hms/Resources/lang/en/lang.php","42546","0924FC1A98188F48BDD32A3380EC1E9A8F5982A2B9EFDEEAEE19F4835C576433"
"Modules/Hms/Resources/views/bookings/create.blade.php","80748","659FD06F563977583071173B7DB9505340C63FCE093DA3F1F5288EA9A74A9A7A"
"Modules/Hms/Resources/views/bookings/edit.blade.php","80891","2D2D37395EC030EECF19CC3F8CA39159165D3BB768E654B6BF7E0EA4BE5C4B87"
"Modules/Hms/Resources/views/bookings/partials/operational_fields.blade.php","6815","D452E4D3E4D87E91CF168585ADAEFE54FBDFBF6FCA234242AC66B85714C3B326"
"Modules/Hms/Resources/views/bookings/partials/operational_summary.blade.php","4453","08A296B2A1A05A5A2F6C0BC6B466C24D96BE54205D52F22700B29770868E6198"
"Modules/Hms/Resources/views/bookings/show.blade.php","32973","3846B80E6D0E147E50A8C1DA0BB08F4D6C7AD6FD5E2EB8CEFDAD0FA43E2A8B8F"
"Modules/Hms/Resources/views/channels/index.blade.php","5206","7CCC53D22F64C5C1F1349310F2B118E3AB75251EFCE7469051D94166C93EF521"
"Modules/Hms/Resources/views/coupons/index.blade.php","6060","6F1DC43D557B2C0074CE5145D9FE1E23126528E016BEAE032EDFE9164DF1AFAB"
"Modules/Hms/Resources/views/dashboard/index.blade.php","10396","FB11219485FEBE8993DF74B5E2E457D897B50FD3F0EEEEB347E7CF149B7A23A3"
"Modules/Hms/Resources/views/event_venues/index.blade.php","3318","986E7B550BB90A2DD6F24733C20B93BF964D9C41146F02D0446B9808AB191152"
"Modules/Hms/Resources/views/extras/index.blade.php","4492","C2D5FD187533AF38C9D4075C5E4130B5291D54B0B122D995CC1BEAC6C1F1BC6A"
"Modules/Hms/Resources/views/folios/index.blade.php","2729","C4CD725D3D738D845DA18800F4372BE3F40DDC13605C0F86BE8AF365B77DF284"
"Modules/Hms/Resources/views/folios/show.blade.php","9942","260E2BCFF80EA95E91EC2CF6972E496814E7889B0FDD8970705E2A8DDE05E5FB"
"Modules/Hms/Resources/views/front_desk/index.blade.php","4990","D429942098BFF4487EF0EB62A7576E255C404552D00DCAFE5A687037AB1E0884"
"Modules/Hms/Resources/views/front_desk/partials/booking_table.blade.php","5379","B84EAAB801640634F098238E7BC7B927B80BF12ACB97E11A276B0B501BBD04D9"
"Modules/Hms/Resources/views/groups/index.blade.php","5837","7D6DD6F26107F64CF0131F471CFE1FAEEEB271C5C29A186687628FD9782B772A"
"Modules/Hms/Resources/views/guest_messages/index.blade.php","4627","43437B2BA4E6D11940DFDBB66F1C875DB1344FDB1EBAA3DE64D29A862C371126"
"Modules/Hms/Resources/views/guests/index.blade.php","3894","7B0A2780C00734B82EF375C4C8D357116953982FC114EFA8E3073D093F48F9AA"
"Modules/Hms/Resources/views/housekeeping/create.blade.php","4186","CC11557DEA4B96B21345E0B23AFE6016E7D5F5D4CFAB328DDB9DD2A603E9A586"
"Modules/Hms/Resources/views/housekeeping/index.blade.php","11210","2F06FB9609789972855857C57AF6465AB9F3DD5986800B89192ACCC4CA43809C"
"Modules/Hms/Resources/views/housekeeping/show.blade.php","11897","0D8FAE8BEC18CD1265CF187A8B96BC83D5F721D7B3B12093F0839292953FF128"
"Modules/Hms/Resources/views/layouts/nav.blade.php","12387","85191DFD918BB480FC1995EB0FAEA359211CDF58A2ABD6E97FD3E45F6E02853B"
"Modules/Hms/Resources/views/night_audit/index.blade.php","5984","D6FA319C3F435493D243F0B0F259863C28F641C46DCA6DBD55AC78A40BD70309"
"Modules/Hms/Resources/views/operations/index.blade.php","5576","138481B6D69C713B6054D4FF80DBC8E9C4EE80BAE4E51FA04001F40AED559B5E"
"Modules/Hms/Resources/views/properties/index.blade.php","6611","BF775950A2100F24433840B597EF95DEC174E2BD9AB4A6B1FAC9A7E3CAADF07C"
"Modules/Hms/Resources/views/public/booking.blade.php","4596","C21AC04EDC969B7C1FDBB42630E85B9E73B47816216A2783A056C30C7E5EEE6B"
"Modules/Hms/Resources/views/rate_plans/index.blade.php","8730","3693BA269F7D7446424CD10D35F2135C7E1BF613A8ECE01AD310786C366A0D0D"
"Modules/Hms/Resources/views/revenue/index.blade.php","3389","02FA1ADB52DDD774E1A5CACB122A29D1606363B4C5EB2CF0D313666B997F66F4"
"Modules/Hms/Resources/views/rooms/create.blade.php","9420","E989CA4C52EA96EF4754FD9DA35139990DED263A129300E2A15EC958D416EFDC"
"Modules/Hms/Resources/views/rooms/edit.blade.php","11360","0E926FBCE4E44E601CDA7D2D41EE60F6088EC2D3DC98E37FE510DA1018C2840E"
"Modules/Hms/Resources/views/rooms/index.blade.php","4946","52F3849D5BD085E913F24EFFAB05B89421E42F87E1DD1A0E294CBC992B48A4FD"
"Modules/Hms/Resources/views/unavailables/index.blade.php","5632","8BB2E22DDFA2DBDB6BB5544CDD53F2843DBBB5FE49D7EA48344136DF07C1BE3F"
"Modules/Hms/Routes/api.php","634","EF6E50C6057E91A1F2D8316796456DED50BC1071D98F8E368AE8DC8352CD52D4"
"Modules/Hms/Routes/web.php","14610","CED24B816D713DC2EA461F00485E95269DF2B3DD7496C5A61E2ABC47AD8D893F"
"Modules/Hms/Services/BookingIntegrityService.php","18484","3AB238CE34E8F98391F22FD17F17391EC3C5D919599F9AF0ECFFD6C1AC875C64"
"Modules/Hms/Services/BookingLifecycleService.php","11154","56C7249C186086B0F811822E9DD21AF2D3E6FBBAEE166AA0F4DD3239AD662390"
"Modules/Hms/Services/ChannelWebhookService.php","2050","D67502EE537044300E94AF49E0F8E8067A3A4F85D819EA7549395E67F4427174"
"Modules/Hms/Services/FolioService.php","17573","35F14764A66251005E18FE53F19ABD6BDA9A04B763298F6EA6B6D9B9F5B2802D"
"Modules/Hms/Services/GuestMessagingService.php","7132","BCC84E6A5BCDB52A0441C0B916C30C4771FD904813C5D2A25FD4D5B873D9F1AD"
"Modules/Hms/Services/GuestProfileService.php","1810","68E76BC2B9914974A7AAEC19D9250DDBAD9026B6F1276E8F83F576FBFB122771"
"Modules/Hms/Services/HmsSaasService.php","2927","2AEDC0D33EF295BF9EA5235B558CCC61C6C0FD0823A8538099D478D74CA113B8"
"Modules/Hms/Services/HousekeepingService.php","8582","6B417DDB8A10B0F2785DEA1262901070172F18CCA2B5323B9D4D7A716258590D"
"Modules/Hms/Services/NightAuditService.php","5717","6BEBE50C8BE45AFAAECE39429D97274515C3B9D3B6F10FED0FCD04E5A25E568B"
"Modules/Hms/Services/OperationalTaskService.php","4829","5EE006B1DC1400FA5C77C8EFF18B5E677FA432494B5B4F61E1C64AE83E2DDB66"
"Modules/Hms/Services/RatePlanService.php","7092","FF6F42F62AA502B2B41B7F14380632846A370BF3052A6CE59A29C4022C2B8055"
"Modules/Hms/Services/RevenueService.php","3674","FA1CB3245FFA6ABD8830A40E0E97963A05A0C3BCFCECC2265B19D0A5BED3FC86"
"Modules/Hms/Services/RoomRateService.php","3004","F33EAF052A54F9524CBCCE56C502DEC982974D8C1FB45F8DD4C6B4F049CA2AAD"
"Modules/Project/Http/Controllers/DataController.php","15426","BB5B06B99F77941D938FBC2E0D3BB047CB718D547843CCF209E00A9E77799361"
"Modules/Project/Routes/web.php","2744","7D025D375D23860FB90DE44CF51E648BDA765802004C3DBA6FFCE2D453E41E13"
"Modules/Superadmin/Console/SubscriptionExpiryAlert.php","3575","B0D77584128859DCCCB0FC0C110D60BA437D99862DF6922E0616F2DD1A3B4609"
"Modules/Superadmin/Database/Migrations/2023_06_10_132121_create_coupons_table.php","918","E534D47403FC87AA1444CCF9E74192CCB317F46F80755FD2ACAFFC2960745F07"
"Modules/Superadmin/Database/Migrations/2023_06_16_141928_add_column_in_subscriptions.php","823","CCD8380551F331F63B2DA70AE0A55C7104516349BF574D77C84E934A39EBBB35"
"Modules/Superadmin/Database/Migrations/2023_06_29_183442_add_mark_package_as_popular.php","710","98141618F25520CBDCF86553837E29269C2558C6CD64B7BDD160BC8F090B84A5"
"Modules/Superadmin/Database/Migrations/2023_07_04_151432_add_column_business.php","711","F1AB52DB7A093E6E2C6A0979A2D439F9CF906512E65B9F0B5AFCC28F8E091965"
"Modules/Superadmin/Database/Migrations/2023_07_13_191306_add_businesses_column_in_coupons.php","743","5F82CD2F0A2381E80DE988E9341FF935E30281C62DEAC1FFE511385B5FB3AF62"
"Modules/Superadmin/Entities/Package.php","2743","5234EA216F3E78CEEA89BB7CCF0B3D0D1210DD2A5FC6AE200A750555A1251A77"
"Modules/Superadmin/Entities/Subscription.php","6439","03B7AB936971DA679082C88F87D19C84E849DE00B2E7D71F8E8D09AD052B28CF"
"Modules/Superadmin/Entities/SubscriptionPaymentAttempt.php","492","59ED3091C59DA34EF9AD16FF0339FAC91FD0E8411C021AE665AE67B264E8794B"
"Modules/Superadmin/Entities/SuperadminCoupon.php","468","64B4B07CB37119FFF48B279BBD7C0BC2605DAD9E4099B039BF1FFFF9101E1DEE"
"Modules/Superadmin/Http/Controllers/BaseController.php","9590","15EC381D5D8A4083BCEEB5E7B330AFEBD994DA30D4DE067792C6A2518D666846"
"Modules/Superadmin/Http/Controllers/BusinessController.php","25969","44C3BC1CA5E927D00B0B391B620890717D978E9D28E73CC104DDF33A3905453A"
"Modules/Superadmin/Http/Controllers/CouponController.php","8972","7E8A12823179861979BED8CCC2BAFB803117E189516D8F7B3B0D2507B0645C9C"
"Modules/Superadmin/Http/Controllers/PackagesController.php","13360","50415A881DF8A7F57F732AE05D19A56E69E96D238BED6ADB41019C8E570AE1D9"
"Modules/Superadmin/Http/Controllers/PesaPalController.php","2133","CC9E8FDB2BC451EAD2C3EE9A074510FD6B12E21D8BFB05F5488E5C54E20E3AA5"
"Modules/Superadmin/Http/Controllers/PricingController.php","3030","EFAC22393790244B987E14D20E9ED9714CE970ED49B5E8CC9801C0BB42962B59"
"Modules/Superadmin/Http/Controllers/SubscriptionController.php","61087","BC4573945DC696A9CD0D77AFFBDFF08C06C7BA29AB7CD381066726F6180310A4"
"Modules/Superadmin/Http/Controllers/SuperadminSettingsController.php","14675","78C2485812F640C11442E26F85A617DA39E18621FE783B2C5A3344C136F844FE"
"Modules/Superadmin/Http/Controllers/SuperadminSubscriptionsController.php","14374","C3E7F99E18642DBD8FD6BB593393927FB77CEF987AD72304ED4AF0E11BAC1C45"
"Modules/Superadmin/Notifications/SendSubscriptionExpiryAlert.php","3132","B817BEF63F653E61D661D66BDEBB760D7B261F246D3CCF7AEE06428351658144"
"Modules/Superadmin/Resources/views/business/create.blade.php","8670","432D8476520C53FE6D8700459E7C8896ADA088786AF64C49FC986917CC12BAA1"
"Modules/Superadmin/Resources/views/coupons/edit.blade.php","5294","A21F99A72134E188970181CDE91579FDDEC7E38CAD933C84033620F067283536"
"Modules/Superadmin/Resources/views/coupons/index.blade.php","6761","E62C6DA59087CB4D8A30006886C4CBB47FE5F5BEDA02688F8B5F6EBB1EA68E81"
"Modules/Superadmin/Resources/views/industry_documents/index.blade.php","3294","AFECC0C3BE44E9B69DD3634C7FC5CE8BF5A24442F71C707228B72948620079B5"
"Modules/Superadmin/Resources/views/industry_features/index.blade.php","2778","00D0489712D14F260BF1C8884FDA3E3F3920B1E0A1BF9DD500DAA2E55ACABF53"
"Modules/Superadmin/Resources/views/layouts/nav.blade.php","3738","9BD574E9B4889840FB3A98FC4730CCF5161DAA0B60334C28279315E948FADD8B"
"Modules/Superadmin/Resources/views/packages/create.blade.php","19075","3B333F74C03A63DA2691FCA485CF774346245E3823FDD63D627D21A71B2BD0B6"
"Modules/Superadmin/Resources/views/packages/edit.blade.php","18622","1F41192BCAFDEE855ADA2C0342196F194B0EAC1759939F576349EFB357BA3D63"
"Modules/Superadmin/Resources/views/packages/index.blade.php","16503","B1A3E44011B7A0A1ABBC5312AAAA6DD61B2AB326C03D8E5FB9F73153F6898D5D"
"Modules/Superadmin/Resources/views/premium_modules/index.blade.php","10620","F34C4135CB55FC3FE289A19B42316FED6A7E845ACCD0082FD264F4682C2C09F6"
"Modules/Superadmin/Resources/views/pricing/index.blade.php","5923","393B052F79E662CBB8D8A33A27807A4B3E36712F14B917949ED9CBE9A132E282"
"Modules/Superadmin/Resources/views/subscription/index.blade.php","18629","41760E642F101BE8D68B7D21DD12E6A2AF2D64D30FB618FF45E7D08A8FD9C245"
"Modules/Superadmin/Resources/views/subscription/partials/package_card.blade.php","8234","14F6549A0CC8AFE82FA2F592C1834A56B37F11B61E85500E665C66F3E3E1F6C3"
"Modules/Superadmin/Resources/views/subscription/partials/packages.blade.php","524","124F43B65D39AC9CF71B1BE8F7F389CB5CD38DD24EA0A2B4917591F76DF7E988"
"Modules/Superadmin/Resources/views/subscription/partials/pay_dpo.blade.php","571","ACB49919DD70FF5D7F909F73E634A4833E1734E63C81B69F50CFD8A8F2E9DE04"
"Modules/Superadmin/Resources/views/subscription/partials/pay_flutterwave.blade.php","1789","AC00AB8DA82B69348F7C4F774BF74F66FAF112056A85305BE1D0AF73E4AC07D2"
"Modules/Superadmin/Resources/views/subscription/partials/pay_myfatoorah.blade.php","796","F0FE460028D3B6338BE0F877552859DCB801F5406C7F1BE128A82F11C794F3EB"
"Modules/Superadmin/Resources/views/subscription/partials/pay_offline.blade.php","627","E54F620CE812E0399161F8F38B0828A2372A7C86B38F8F16237A2AA5333751E7"
"Modules/Superadmin/Resources/views/subscription/partials/pay_paypal.blade.php","1729","58377C63D9BD6903E4508B3E7DA04923C5D6A079BD5580C817B70B3CA5E9C71C"
"Modules/Superadmin/Resources/views/subscription/partials/pay_paystack.blade.php","1602","31098B18EC80EF21F269EE8012355102B2C8AC9906FBDEC5378D344242E75D98"
"Modules/Superadmin/Resources/views/subscription/partials/pay_pesapal.blade.php","809","F6C74FF1E18C1AC745567EBD9AD75BAFAE9CACF0CA8DEB1A7E7F561034BC6B7D"
"Modules/Superadmin/Resources/views/subscription/partials/pay_razorpay.blade.php","727","84B6FA8AC5EACF7324561C69D80D7F47C2D9173C7A1ED5C7339809B5BE2C5E9F"
"Modules/Superadmin/Resources/views/subscription/partials/pay_stripe.blade.php","1022","B4D18D09CB88C9ECF66CEAB72E0D21384AEE9B4B1D94B106C67F0F34AB451A40"
"Modules/Superadmin/Resources/views/subscription/pay.blade.php","3935","2BC25910962838EB764B56B9BE91135EB9156F028FF0980C1BC618497ABB23B0"
"Modules/Superadmin/Resources/views/superadmin_settings/partials/email_smtp_settings.blade.php","7185","2D46D358CC703097D18CB3B7F1B161DEB576B0EB70F9C555763E2DA35A32F362"
"Modules/Superadmin/Resources/views/superadmin_settings/partials/payment_gateways.blade.php","12641","C5567DD8C61A385B831C59E87888EDEF082D00EEE164CBB3FD5F6EAFB826AB24"
"Modules/Superadmin/Routes/web.php","8257","ACD604A905DA2B4C0B5DD2FD68B31DBF6241BDC90D074C89CE63D96B422C53CF"
"package.json","451","A4053CFB6C8E422389F547A2E95EFD02C1A1281205E505DDA87F6B1A97BA3023"
"pnpm-lock.yaml","9859","D4C3F693FDDEC204D3430E457EC7FDFFAF471B57CD8673A46C64DF4F00D607AD"
"pnpm-workspace.yaml","85","3E5580F814448930EE1FDCA3142F1708FBA90BA6D745C821F36126EE409542A6"
"public/css/casherp_onboarding.css","3761","38310B8002A0C923A42A894EFB4081BED8D838DD668EDA33641606F32B635E16"
"public/css/casherp-landing.css","21131","339721C50743A3B61CD3E6E021AC006969A0A1365210767648D450EFD249ECB1"
"public/css/smtp-settings.css","10593","9D0AEF0FA8F89CFF41471C076F6A195F7CBD99A1DB0AF8206F91C46ED578C58F"
"public/img/landing/casherp-logo-white.png","4990","68E9F34736F1241E218F0817A1DD8A67540256CF6763B8D348896404C4551A3C"
"public/img/landing/casherp-logo.png","3991","FCB23B0C6C8C893B944F18BD61EBD5C71CA8C0F5A58F3484DC8FD6BB34411326"
"public/img/landing/dashboard.png","300496","004E52BC2A2EE565AF2D96C81A38875D438054E8CE14BBE77B090D98804DB38A"
"public/js/app.js","99713","DF210B3134CDB75CD5E15C27EDBAE33E7A8067ECE345B0EA85C8E7ADBF3418D0"
"public/js/casherp-landing.js","2057","EA095F54C3F28540B2CDE1F7F849F661CFDF4040507F3C7A762F3DD0CD78462E"
"public/js/company_onboarding.js","18707","99B1175EEB0A85F908E498CEB155A946903B985274A55307211B6E2B119C4AC7"
"public/js/login.js","5909","6B599392B2A8D8E953DC9306087BBCFD613C254915F35FBD86D4739BFBFC1162"
"public/js/smtp-settings-react.js","159287","66B6C27E2BCF238360ADCBCB09C80E39FCF97EF041DC10F39048F45F937E11FE"
"public/js/smtp-settings-react.js.map","386645","2C1F48B0E8BF0E1E9DA1C1F60787FEA9BFDD82B3925AC04EE595937EB0EC5509"
"resources/js/smtp-settings-react.jsx","22942","98D7A3449AE8A1941E5AECBAB1E17DEF03E9C13E7FD9D5C28854ED5612FB134E"
"resources/plugins/calculator/calculator.css","5997","6D062089B9C96EA684E7955A4C441F98050CC43670EB2474E76D1F940F2285CF"
"resources/plugins/calculator/calculator.js","9152","BDB5BD764569DC6575874FCECD487E1AD167BAB1AD3003DE32CB7E97863FC8F5"
"resources/plugins/gridstack/gridstack-all.js","81406","52C37CDF838AA8EAD6156F0C778CDE9AF24E87E38DC6A0C3FFEF7C6CB7D879CB"
"resources/plugins/gridstack/gridstack.min.css","4093","1C232B47B98089DD61DD55D24EBD6E89F5BE347D746A5E3D714D3AAC385ACA1F"
"resources/views/account_reports/payment_account_report.blade.php","6834","57BC1960663C802FA03208DF711D167E087AB1555B9414D409797B6348E6A644"
"resources/views/account/index.blade.php","24681","654ACE868A4C92DEBE21337516F5AD7609DD63F34331ECA5A98E9FD1F4657F13"
"resources/views/account/show.blade.php","12676","C644FD2799B8AD9D3D0B8C62B44330027431CDD1852BD8F9135940359263609A"
"resources/views/activity_log/activities.blade.php","2254","4B7332C7A82CD9102A95A183D04132BB34CCD868160B4682111C6F298B03C7CA"
"resources/views/auth/login.blade.php","16409","F5BF94D56A3FAECE95F6E04E8ABD272B616600502A1BAAD6CD6DC6079FCE813D"
"resources/views/backup/index.blade.php","4250","27F8142CFE9329B7952FA5F0E00EDC508391D2657A751EF967119A4194A8D674"
"resources/views/barcode/index.blade.php","4391","B82EE6CD7532958C054F9802304FF6B03A257FB0AA4060D1D896A200588B6436"
"resources/views/brand/index.blade.php","2673","45D6FFF8C7EE374E6F300213EED189E3DF6DBBBD1FAF0871492547EF885AD771"
"resources/views/business_location/index.blade.php","3170","A04F1CF2EF35B06F27E2D77A998FF82ED7C4F2C1B3EC6F98E1718DCDA4A73849"
"resources/views/business/account_closure.blade.php","4769","72F22D5EE77ED833D064B4539108CA190391CFC1388C55C456996DF7728EAED7"
"resources/views/business/create_additional.blade.php","7640","AC5E7713D474BF43F4978FE8E6BFB1A4A5398A47C7656747044ACEB662B8C6D4"
"resources/views/business/partials/register_form.blade.php","16275","E4D6F066B0588543CFE5EA8D22C2BA19CE88AB00A1B87DC647E865209DF94AC3"
"resources/views/business/partials/settings_email.blade.php","1178","164CCE8AEC33F18F0FB648A972683A97F0E38A85B74B315AFE320F5C31BB4A2A"
"resources/views/business/register.blade.php","6073","9BA1065E4D3AA5E8DBF0267E8BD338D9DE4189BE2E270F2D76A9D262D0D57897"
"resources/views/business/settings.blade.php","11016","3A9642C5FE2CAB4105E223FCC041FE6D35997A61C26175012170CA14E8C93A16"
"resources/views/cash_register/index.blade.php","1839","3E60B257D685A4AC50ED44302988F24474A849E1BF6F3DB43EF35030425DF6A5"
"resources/views/cash_register/payment_details.blade.php","17221","38C3553C53899CF39AADC85F28CC448B52A433C305945D4F563B073403036473"
"resources/views/cash_register/register_details.blade.php","4006","344B01B62F08B75F57A72B4FCE04F07F9574257C459AD379D19FFCE866C60BED"
"resources/views/components/filters.blade.php","4017","F04CF1F8C50D0EB0973B7E72723D4D87507AFF6CBD08B1B62C0B32C886E6BAFE"
"resources/views/contact/index.blade.php","18572","BB1E93068A47C032E9D30A6CEDA491874F88697AF70D4A5473B57049ADCBACE1"
"resources/views/contact/partials/contact_payments_tab.blade.php","1359","111CB9B2DD9D4A0F8BBC8F66F89FF4729B1002881A18B675C660DE64EFFECA9D"
"resources/views/customer_group/index.blade.php","3298","5D08DFC9B2033A969EB5BAA7E97C38DF1CD476AA9925DDE2F9375CFF1AAF934D"
"resources/views/data_import/create.blade.php","5695","561E5A1DFDEC0EE0448BEC1F9A63C9E0896BFCD99C8C08BB059E22E786C1CEDB"
"resources/views/data_import/index.blade.php","7419","FB0B6BC7EC6F0E711874507F8D319A4936178C05F1C407C6A7666DA2AC2E4D34"
"resources/views/data_import/show.blade.php","7494","8E2CBDA49B6614A2D6A1AD787821D9BA5BCA96DC5F766147D40D6CCA6FD83606"
"resources/views/documents_and_notes/index.blade.php","1119","BDB22FBECFD9152820EF92C97DF4BBE6894ABCECAD85C1EFCD62EFA25EF8B841"
"resources/views/expense_category/index.blade.php","2296","1CFC8674FBF5AC06072B5438F045F964EE4A49DB3D2796C67DF6F1D15B13F7AE"
"resources/views/expense/add_expense_modal.blade.php","7272","537FDF635D468DC44AD958F7E04BB47D071709342603CF2FED0335E961D8A92A"
"resources/views/expense/create.blade.php","9279","5A33EF64D229CE4D7F88F30E642BB4AF7A9C6EF649746B409D4CD729A554A6E0"
"resources/views/expense/edit.blade.php","6444","AD227772C1EB59291D19120C0204C19C5781C5C6FFE84E047C3715F734DDB457"
"resources/views/expense/index.blade.php","9190","B84CB7752C76F082421C52F7365E5BBEA58F2C4769CE25C22E5DB4957D188B7E"
"resources/views/home/index.blade.php","91019","AFB960A8BAA923F89EF432DA71DD82F55EFC81397D9CCE0D6B6F16D21BFC49A4"
"resources/views/home/notification_modal.blade.php","1178","27D157F7D2D98724873B4AD479ECC4FE9D6CD8072F9BA38D2777E35789F77B5D"
"resources/views/home/partials/onboarding.blade.php","3229","26AC1A7584DA5A02434A6E587721E94DBDCBFD04981F8CD72CA39F130FF0AD21"
"resources/views/import_sales/index.blade.php","6505","39CCC190F5951923FAF979321E2F4E0E1F476A25403360019FC2A713DD13D565"
"resources/views/import_sales/preview.blade.php","4528","F7E944E32C77A40800E724109B69C3A9651A816EF4FC1B692E3CCA848F1583F5"
"resources/views/invoice_layout/create.blade.php","52210","4CB95A846F60E07A770E536F4524D30BBA689701551CC98B28BBCFA3B6D06973"
"resources/views/invoice_layout/edit.blade.php","57879","4913814E581692F1D3CEDCCF8847BB35CD3E801CFB93060811E137DAE93A9F44"
"resources/views/invoice_scheme/index.blade.php","7280","565FAC12632C3E1135CB0F5D9A5C6E2BA4BEBC353E3F49D320865F95B8B7C46F"
"resources/views/labels/partials/pdf.blade.php","7852","7D39175FA2705A8C683644255D519DA5B5A810D700647ECFA2B8525F7E4C4D58"
"resources/views/labels/partials/preview_2.blade.php","6469","5D93E3CA1461296E180AD734CA52269D6EA866B551C93CA6FBC80E33F0083638"
"resources/views/labels/partials/preview.blade.php","5996","C4CE40FE04ADFC023B75CC12E80013D9B23800DEA094666040931C1B1342F59E"
"resources/views/labels/show.blade.php","9057","3EAA283E15797FECE03D8C1B8CD56714B33352C9B59FA6FB4BA2A225930ADE7D"
"resources/views/layouts/app.blade.php","8607","9F143376264CFFD70E6E11C50CA480FA9529CE8F46D0E2EF906CA08009BA2424"
"resources/views/layouts/guest.blade.php","1611","2E9EC781F10EF2252393E7A3EEDDDC6792FF31AA9F0B2F772FF86D401CBD4B84"
"resources/views/layouts/partials/calculator.blade.php","3567","EB72C4CD235EB885B7BEDFBE132DBACD0DE3404E81CB755D9093BF2AAEAFF47B"
"resources/views/layouts/partials/css.blade.php","4866","C9C3A8622E00433EEAC3EACBD6D1CDB728B3382B8ABE1A8BDC8567FB54C4AA44"
"resources/views/layouts/partials/extracss_auth.blade.php","3274","73B23F3367944B97F6E7C4147773E03CB0DC9B584BD3E537E209E0EA08417037"
"resources/views/layouts/partials/header-notifications.blade.php","2308","A1AED249C297A9569A15DF2216B1EF70F09ED4EE123B3C952AB7E6845808DCBA"
"resources/views/layouts/partials/header-pos.blade.php","25571","5E35B963C403386F2E4B18C12776771677B3A52A305858989B94E2293330561B"
"resources/views/layouts/partials/header.blade.php","25821","220EF28A60E8E4AB8B9A400B6D7E29EC60789EEE249E97232CAABA7576979789"
"resources/views/layouts/partials/javascripts.blade.php","6619","1AAD625854BF945064D1D9866B36B45DAFCB29B655BF8F211BE9AD407B95F152"
"resources/views/layouts/partials/language_btn.blade.php","1117","D9220E98BA7F4A600188F29AB60F913C683719CD62BE15EA994B06DB1D556CFC"
"resources/views/layouts/partials/notification_list.blade.php","897","1033F42E8028A64E734935B3A8B695A2C464A315D29F5979896D755B38736DAB"
"resources/views/layouts/partials/sidebar.blade.php","2756","62E8D79CF883BA358B570C290F8A26AF408B1223D82F0C8C34008026A53CF31D"
"resources/views/layouts/restaurant.blade.php","3105","D45794A1C33D3659D3D8001BEFD4E4EBA161F34DC3CF38FE6047CFD3976E8D1B"
"resources/views/manage_user/create.blade.php","13220","04D90A7513A4E2BA602F4A6F92EA8CE6184425F9E9421632D009E7EBAABD075A"
"resources/views/manage_user/edit.blade.php","15295","01FC9B6D8A1FE246782AAC6338F84D5722F64CB0B6DFF2DC93AE5F5101000560"
"resources/views/manage_user/index.blade.php","4286","44F53E0B5A166C755E00ED6C7306C6C2E7488BC7617EFEBC844139FC25EDE38A"
"resources/views/partials/advance_deposit_guidance.blade.php","5898","F44F02DCB3399BA53A403CA183668E53B3F6A574B4FFF85E8EA022EC5B47F733"
"resources/views/premium_modules/index.blade.php","6712","35B6631F436CBFF3C6BE483C5C9C1D3F77F1A2BED01F1133A9E48F2302B4EA09"
"resources/views/printer/index.blade.php","4685","103898447DAECB7BFECAD47548E31A276F92CB8E67730786951B76BE3DA604A2"
"resources/views/procurement/workflow.blade.php","19892","A3CCE27A6DF82F0B17A59EDDC9D9F344AD6893D10D52442FFC7CD572AF212B2E"
"resources/views/product/index.blade.php","41846","8A0E5A64F5A958C2382E54F2E3FAA17AECEF620388BF5D0E32C745B0EE2CE6BE"
"resources/views/product/partials/product_list.blade.php","4964","EC70980161A9F984C51B1B72F688F48674713AAEB9D7CC50AB800AF4D8F0CB1A"
"resources/views/product/partials/variable_product_details.blade.php","2738","46C3AAF7E9D0EC3F447B0819BE39691DE64EEDC07768B379FF9B95975DB0A369"
"resources/views/product/stock_history_details.blade.php","6088","DD303D4D1CF1F0EE38FAA9006681CE5A7717067E17561008C99C85221BBC2B9C"
"resources/views/property/access.blade.php","5689","9FC74BB86DAB351F66995C458B8D573862CECB48BFCA45CD1AEB61E626878771"
"resources/views/property/accounting_settings.blade.php","4922","E6062157FC1027C6A24415ECA9E5BCF7064AB3875FF151064DC4EC319862FDE7"
"resources/views/property/complete_maintenance.blade.php","2755","04272337D10E692EAC2C6ABA877E0CFEDEF92FA05C7E4D50EA74438A414E7212"
"resources/views/property/create_lease.blade.php","2403","B4BC1F03D4929395B78F3B3321233F69BD7B94615C2A400BE2549BFD401F7258"
"resources/views/property/create_maintenance.blade.php","2014","816ADBB0B7F2A2FF6029B8A03BF81A4A7B36B4CC935048DEE29270C09A7F801F"
"resources/views/property/create_property.blade.php","6228","137BBCA5232DC2722A5CA59B92ED6A60400CFF4B31B11AFE02807D28563EFA5F"
"resources/views/property/create_rent_payment.blade.php","3835","6C0C38E57B6679649DB107B92262E866464BF3C5D7697842CBFCC9049A517524"
"resources/views/property/create_unit.blade.php","2714","01A14EF30E841C706A6373910E8842E04BABF24D619299987CCF97E569D7B2E2"
"resources/views/property/dashboard.blade.php","24958","C2927FA1273D9EB2A2C993E13B64F7B57C9D08DA17BE3C403CC60C58A8D09D8F"
"resources/views/property/deposits/index.blade.php","2941","9E6C782EE69063C56B92F3C6325E643A52F9FD7301E182DAD10AD77AE1CC9E44"
"resources/views/property/deposits/show.blade.php","11147","3DE40D4BDFAFDED35A5A60D62622C376E3136374DF8B303F7DA29B51DC015CD6"
"resources/views/property/edit_unit.blade.php","2850","B40F7AE318BAF9FC91DADFA228EB21EFC04E18A0A3B9735E5598D0C7F0404399"
"resources/views/property/index.blade.php","10259","68C13859E44CA576DEFA571CC4619812AC81D59EFB9294181061C341A9511BDC"
"resources/views/property/maintenance.blade.php","5127","B2E2130002BE13097A4C37AF8832F342A72C6E881011FB19C60C39A434C98484"
"resources/views/property/partials/portfolio_filters.blade.php","2490","E2BF854138ECAF9548300BB57D0ADD70297398693F78D9D1236D6746CBC5A724"
"resources/views/property/rents.blade.php","7198","486361FBDFB0E8D5D0146328D95C121C991ECBA2BD837BB853CA9520F8D059E0"
"resources/views/property/reports.blade.php","13581","702FCC05FF0BD1F3C3D07DF2BA3791E92F3310BE8EAD6F93BEAE4D3C7B30026C"
"resources/views/property/units.blade.php","2841","2F24E2621C2A58329FEF6B72A548919FD6022BCA6F76AC0C55D808F18B66D367"
"resources/views/property/viewings.blade.php","8537","92B0561F512D22091B4A2C424FEA73E064BB921329947C4C41E2ABB8A0B15729"
"resources/views/purchase_order/create.blade.php","22808","9707A2712F1987F3819BF2D17829B41EBED9F61A7D03025F6FEE21F88ED8358D"
"resources/views/purchase_order/edit.blade.php","27753","738194DBC55F014EF4072E27DB77D2E0FC3DDDD1DD34B7C7EDCD959B715FDD3B"
"resources/views/purchase_order/index.blade.php","10851","8DDCA3C0DFAE7D528B43D3B44A3DA90F5BE91D3F649713884E44B48668B6D41E"
"resources/views/purchase_order/show.blade.php","1557","8E129CA01959328EACA478FB3A069E0DA33B44A182C3CE0EA3F76991C3503421"
"resources/views/purchase_requisition/create.blade.php","12112","321093750FB262707A24E96152576A0B01A32DD84A7A7E2027EFFB33A667A173"
"resources/views/purchase_requisition/index.blade.php","10883","546CE0F874C100846B4F28FD2FED75ADF5B88ED8B535AA69FDFB0F469E17865C"
"resources/views/purchase_requisition/pdf.blade.php","2927","AAE6B1B12E79B0052BA9D0E8F181D53D803B3D61ACDAFA7198501DBCEEA3425C"
"resources/views/purchase_requisition/show.blade.php","5181","333475ACEEA36BD0CF79F99146C8AB4980524E0352F31C906FA8EA843B3C29CA"
"resources/views/purchase_return/add.blade.php","7572","29508BF25CF824F82E5E0E9311EA115642049F5EDCFEFBFFED5231732A481915"
"resources/views/purchase_return/create.blade.php","5989","03BDBEEBDBF748F6D78B36F3E7389F20C031883E0690CB9F3ADC6157E49A6833"
"resources/views/purchase_return/edit.blade.php","6395","BD5C6BAD6E339D7E722DE73E7E9033D5AE74AE229971EE718CFBFC6DB07A057C"
"resources/views/purchase_return/index.blade.php","9440","0F90935BB02941FB8ED1D04D23D6F1EF72F751DD07774051A00D6BF84561B7CF"
"resources/views/purchase_return/partials/product_table_row.blade.php","3040","F5AB258B6205B2FD84C283A2633C106B762683DC7BF06B61E043CDC502C7C3BE"
"resources/views/purchase_return/partials/purchase_return_list.blade.php","1795","396E241FE9C901D052958099415BD357140C99BED84F1FE183644CC927CEAE68"
"resources/views/purchase/create.blade.php","28989","1D539CAC63DBD8763956EA7FA1F80515D3618F2D7C28E4D5376D3D34CB5B9553"
"resources/views/purchase/edit.blade.php","29065","BF0F5D12263FEE3E02D89190B1C5B5CC8345DEC172F1D3CF32B0A9A221BD8A58"
"resources/views/purchase/partials/edit_purchase_entry_row.blade.php","16830","3FFC1B55AFC606AF0E1404B3FC44358AABD8F438FBDFC76E844B9E0799163688"
"resources/views/purchase/partials/purchase_entry_row.blade.php","14133","DC7765AED2C0951CC016E2CFB5E128CEBF0DDDB305B5BF9EF91BD27105CFE2F4"
"resources/views/purchase/partials/purchase_table.blade.php","2279","07E70DA877AD92B0E8E4F4299B29B243D5FFEFDB51014D0986B5E2262B689F3B"
"resources/views/purchase/partials/show_details.blade.php","20803","DF4360F300D960A232A4314C5A7DBF6E959CA1893EB4259F2BDED37DC3F5C04A"
"resources/views/report/activity_log.blade.php","4727","595EB8DA75863A3038477966F7C5D51ED56472C2B3A7C4C654B398C539D96EC6"
"resources/views/report/partials/clossing_stock_report_table.blade.php","4589","585FD68695DA94BC5AF77623A250B25BA9B46490A9CE4A8988FBD0FB3C519B4B"
"resources/views/report/partials/net_gross_profit_report_details.blade.php","4879","70E70DCFDB8BB3FC8AF535644963FD21CA32396DA23DEA086508EA56CC3728BE"
"resources/views/report/partials/opening_stock_report_table.blade.php","4827","41104868B02306C916CAC566AD49B6306F348CC494C476D93CFE48300232A71F"
"resources/views/report/partials/purchase_sale_product_data.blade.php","3212","3E8BB4F769C32A678239058EE01D43931C36CD91426A4C09160008EC9C65F0A8"
"resources/views/report/partials/sales_representative_payments_with_cmmsn.blade.php","944","ADE8A156758AEBD5546948D6D3B66D452AEB3B36D3CCA094314E90D380C75696"
"resources/views/report/partials/stock_report_table.blade.php","2967","AEFCCBF8E8F93FE08ABB680CBA4C422CF6E85C406EEA5A07E61591B6A940A95F"
"resources/views/report/partials/z_report_data.blade.php","3041","8D03A17152BEE83E00C3923261B71F9CAE4983BF55FFDD433ED8083C3F8273B8"
"resources/views/report/payment_by_age_report.blade.php","9904","121693EB357CD2C16D4B4438474B327160630BE715EB663D060B77BEE2729E97"
"resources/views/report/profit_loss.blade.php","27309","C3DE351586B838B989A865614DC69C8EDB8FE2494263D897F00C52B756215092"
"resources/views/report/purchase_payment_report.blade.php","4316","F63A6705D82BEF43069ACA16255B8120590184573B9307750E30F7D9B855863A"
"resources/views/report/purchase_sale_product_report.blade.php","7870","BBC2853175368D26223D3DAD0FE153FEBD0515A64C76A5A84B7608630C9D0CFA"
"resources/views/report/register_report.blade.php","5375","0F6EFB7A413083CEF68DEBE0B92C18EC86F63B301A2C304B00078FBBE13162BA"
"resources/views/report/sell_payment_report.blade.php","10813","9C4936FBD4FFD46BBB9869E7DAC6F2F1D4AB52C2D28905E4C2AED6919A998445"
"resources/views/report/stock_adjustment_report.blade.php","4838","039924D802D23C52D98143DA2858C25A6980E5D76F93CE901D482967DC766C56"
"resources/views/report/z_report.blade.php","5025","5DBE6227A027F9440876E9BCA21C45EE536B2E57F080EB24C08F43503603B8E1"
"resources/views/restaurant/modifier_sets/index.blade.php","7383","2B25D85C359D17885963A3BD03E9E35B80291DF4DB1B54D5516E47E88DE9B11D"
"resources/views/restaurant/table/index.blade.php","8585","CD587FE46EA17DFD9634A0D4BE700659EFA43C82DB81E421FF413C01296BC502"
"resources/views/role/create.blade.php","78863","BD9A096062958C0A902B84E033501ACDE5CBF49EB039647DFC57928A76B2D691"
"resources/views/role/edit.blade.php","86696","D48334003A17B618A2AEF94FF4D4DE5721B74EF7DD74A4112167F02F50564AAD"
"resources/views/role/index.blade.php","3786","0499AAE166BA3BC2A4B002DF4B15FC4560B65C8BB4C269D591667982DFDFCD66"
"resources/views/sale_pos/create.blade.php","6674","5D53A26F1C9D1E3F77378D8DEAD8E16B4F690D7BBEAA963D0379782D9AA7A256"
"resources/views/sale_pos/draft.blade.php","7139","8B37E7B01C44D48F150FB832479BDBECE0A147BC60C67498E898F117CAF525B1"
"resources/views/sale_pos/edit.blade.php","5500","AB5042A0330CD1A67B5A161A2BD91ADE31459C6582C0AA8FCB51275A3465D669"
"resources/views/sale_pos/partials/featured_products.blade.php","2201","A03109BEE7C19096A0C49740FE389FD3996E486578DDD3B489994346113D0FD2"
"resources/views/sale_pos/partials/invoice_url_modal.blade.php","2253","852CC782F1BFC4B10B041DCB0F0264451D1DC3C896DE7154ECEB9D7BF48B95C4"
"resources/views/sale_pos/partials/keyboard_shortcuts.blade.php","4538","85764A335D2ABFE5356674D458DB1885560B6EA699CF055716E69CCC09F3F8DE"
"resources/views/sale_pos/partials/mobile_product_suggestions.blade.php","3038","36C52702626332F15F743941EF251CF39761B02D8A60CFCD9DDDF2466A38C115"
"resources/views/sale_pos/partials/payment_row.blade.php","1415","B09429DCE39146ECA8201900929111002ABED9F4C3AE6ACB291F0F4241CD11FE"
"resources/views/sale_pos/partials/payment_type_details.blade.php","4922","C42CCF6844867E5E976AF423A6FD39E98C1BB36D49528B7E17A38248B09DC96D"
"resources/views/sale_pos/partials/pos_form_actions.blade.php","12446","9047368C452D268F46D562C9699B0B032D3709FD1A8657CD8299035A261950A4"
"resources/views/sale_pos/partials/pos_form_edit.blade.php","10468","31B12A199DE2FA4AF1A454BDAAC0098578D92C77E3A515365CE5A461A816254D"
"resources/views/sale_pos/partials/pos_form_totals.blade.php","9313","31C2FC744FD488676A68458F0C39F83B5B430301CEE5793BA6A3DF9FE71FB1CD"
"resources/views/sale_pos/partials/pos_form.blade.php","14241","E2D9A7E30055CBDF4A255D7A3A5BD325A378035C4E2478AAC6BA53D6884DFD73"
"resources/views/sale_pos/partials/pos_layout_script.blade.php","4476","9019A3E339BE1F0E45A01E997F87C135F7A8F260435565504837678C0D589D92"
"resources/views/sale_pos/partials/pos_sidebar.blade.php","19527","FE6B4FF15E89CDDC8CD7A8F0215BC83B5FD4EED63C27DF4C041E2A3425AE4CAE"
"resources/views/sale_pos/partials/product_list_box.blade.php","1563","6506156E453271BEAB88DB36153240DCF3E5C101FFB78288A8F692E46CE65AD6"
"resources/views/sale_pos/partials/product_list.blade.php","2527","88E82A3E5891997833ECC629B4AD1777D26761E9B970A7DDD400DBDF30045F7A"
"resources/views/sale_pos/partials/sales_table.blade.php","1997","8CFD3F1F34514F798CF36C1FBF7CCE44B443B7F827F20E9D1DE18CE55BC1B88F"
"resources/views/sale_pos/partials/show_invoice.blade.php","2790","74E5070115B5C96711D663B0C22D3B9B6F4DF658495A174F089419ECDFFE592B"
"resources/views/sale_pos/partials/subscriptions_table.blade.php","691","514BE5A6C12ADD45A4E59BEE87DC1985407F4D0B34FA44B87AFEF9C083255749"
"resources/views/sale_pos/product_row.blade.php","20469","B94DB15211B251C7CD734422B04785D9DB7512ECA542AFF6118848F90D60B88F"
"resources/views/sale_pos/quotations.blade.php","7232","7873A68C8A2CDE78530EDB8F18EE5E32ED6B6CE9B18FB2B50ACF1595B3A1353B"
"resources/views/sale_pos/receipts/classic.blade.php","22605","FA0F8B61A3F6DC12CB6AA70C5E9B4693D4482772EC6E917D0C0853668D8919CA"
"resources/views/sale_pos/receipts/columnize-taxes.blade.php","29987","150778295389226C28DA3EE2A438C5B5691FD7B1020348E5C080AA2D5E0F1037"
"resources/views/sale_pos/receipts/detailed.blade.php","49478","D985168E395B25BFF8F365498B3A35821481133C9B5179BA434A51801DD82BF6"
"resources/views/sale_pos/receipts/elegant_modified.blade.php","11247","726F3BA252E1AFD92DF15B264AA191F2D679B69BBDCACA1384611C5A18FD56E1"
"resources/views/sale_pos/receipts/elegant.blade.php","26421","E4DD2E07FF86D66CD6C6386D7FB697E74422E7CDA6F320B49F6EB0EF72DBBA3E"
"resources/views/sale_pos/receipts/slim.blade.php","27885","56697A78C4B70D6F2F7AF7E00E974D5B5D316D4991B8CB32FE7A13888DEB5958"
"resources/views/sale_pos/receipts/slim2.blade.php","26807","A6AAB7DD3EF4002172A43AF80353491391DB29B32D5E21D43238074391F7C3DF"
"resources/views/sales_commission_agent/index.blade.php","2505","BF9216D547E91F134F09F6A5A17E6B8777C054C8FFABDB7F28AFF2531B238946"
"resources/views/sales_order/index.blade.php","7008","8DE313E73A3E235683F7739D7DB8DD865DB17FA5CD15E9BDDCE6940452A9F15D"
"resources/views/security_deposits/panel.blade.php","10063","A77D59C39082D5564FF4AD5A27DE801DC8CC8C33EC10CF63EF1B041F225E965A"
"resources/views/sell_return/partials/sell_return_list.blade.php","1214","735E9180FB49BA54C938112AB25CB4CBB5E59644AE8F23E46D36124648ED0B6E"
"resources/views/sell/create.blade.php","46707","9E1890F996DDB4BAFEA6AD371A613DA76E1F8F5C14958F7B183E68DDE5F78940"
"resources/views/sell/edit.blade.php","44525","A55E91C31DA6E740A8D47DB52A82DD7F339F4CF8925D8CB759DE91ABEF69D717"
"resources/views/sell/index.blade.php","18586","9EAF8437C99999E3622013087C05E9491BA97A80C3286C5C4147DE09F29C4896"
"resources/views/sell/partials/direct_sell_table_styles.blade.php","3442","285A0943D53C71713B5C0042AC542DEF2B8EC6947069AD652DB656C9B5A4AAFC"
"resources/views/sell/shipments.blade.php","11114","5C1A1522D293D4A03B7C28BA4E707F381B499B5D28240D962733DD36AEAF90E5"
"resources/views/selling_price_group/index.blade.php","6383","E1A6A59C4775A78570B6462C25A943D19D6B4A9EC2F4CF5D58782271CC70E8C4"
"resources/views/smart_documents/form.blade.php","27662","06F48218142784311D30B48417D9BD9B89423015CBC6445595F40AD4CC540654"
"resources/views/smart_documents/index.blade.php","8607","1D9A7A1E83265D7C1C85D4385A9AA27042B6D691651F374C69702D709888821C"
"resources/views/smart_documents/print_receipt.blade.php","3232","F4B8E850CC53C893E2501C07B7953738A4BB45F3BF6086DCC3A377FA5195EFAA"
"resources/views/smart_documents/print.blade.php","8128","4BB8F145C59A419CBDF2E1AC61FD05D6208E83597F3DA60197FD8A2E9042F8B0"
"resources/views/smart_documents/public.blade.php","5524","406B52C58FE5D7E3309A135CD27D2D8B53A75435FC615F33F2E78E6D38272A3A"
"resources/views/smart_documents/settings.blade.php","7615","61890B1EED546B6FA434E07DFFED16561B28C160D3683E304F6D1A5C9080A1F6"
"resources/views/smart_documents/show.blade.php","18476","1C5E1398CD4DA94AA96B316059E79BE0F907072989BC8C1452E3D1B3608BE96E"
"resources/views/stock_adjustment/index.blade.php","2775","708E30D3A97064B474C9BB074E5729A6A69B29EF251A030454F2A26E0AD3BE0C"
"resources/views/stock_transfer/index.blade.php","2811","668E35E5BE7328C3B823C0CE6641F8B8F4A16AB561F03325F891DF41BBAB52C3"
"resources/views/tax_rate/index.blade.php","4807","AAC0B1B6AB09F5807544B67163EED56A35A1BB2F892E72DF4C051DFFF83E226C"
"resources/views/taxonomy/ajax_index.blade.php","1393","B96B0D2E00A33760B294E6EB1C81D179CB9468CDA4326835FAA7495620E5F42B"
"resources/views/taxonomy/index.blade.php","4600","DE52CC1E6E5BB5E1D78620C90730FEB85E83C3DE092065B084535BD2C5C3994B"
"resources/views/transaction_payment/index.blade.php","1732","18B2FE20C0BA21FAF2BEB1CA93E4D928300220FC9696C3F0A92E89849C35906A"
"resources/views/transaction_payment/payment_type_details.blade.php","4935","EAB032B576E1A49EF0ACD13916D02840F00252F59A6FA3C0F3F0686DF698E24A"
"resources/views/transaction_payment/show_payments.blade.php","18120","1931F95B769568D4998A430FBC3853831E83E08E41DD48904A33A13C84D7FAF0"
"resources/views/transaction_payment/single_payment_view.blade.php","10602","57D4824FF604C20F14D1461FFD314A6C200032662FD366C569224B87A06937A7"
"resources/views/types_of_service/index.blade.php","2304","12E4A776E4D98E232D8C347387E6106EE3A1A18E5A309F2C2D7061C2855CC59F"
"resources/views/unit/index.blade.php","3129","7D014E85567063190039D61D423CFEE1F4B0EAD8AE24DC92B17D759F2F17C074"
"resources/views/user/show_details.blade.php","3726","695E0477AC25B66D48899750636A252D47372CEA443B772FFF56351F210CFD7A"
"resources/views/variation/index.blade.php","2509","BAC7AC7E35E97DCA30184DBDE11B8847B4A08BFC8B5C129FB95447CAC33B22F9"
"resources/views/warranties/index.blade.php","4049","2CB2119F176700A2FB783824EB4DCDB3C41B2A5C3173D28F96464BE291FECACD"
"resources/views/welcome.blade.php","19094","53FB6EB730663B6822EA26FA096449EABD7100893C8D91B491A1C9000F94CFAF"
"routes/web.php","53299","99451AAA7B455B2ED0974A3594014645E0770E15E0A547626FD9963E749A0EEB"
"tests/Feature/ExampleTest.php","672","39921168E264AB104329FF2790415C1CABC1D93479D9CD725CD21EBAEBAC543A"
"tests/Unit/DataImportAndPropertyExpansionTest.php","10798","57C53A5A1D5D7B96A5863E6F00EABBBEE836EFFD11441E965A80950AAEA4A52A"
"tests/Unit/HrmInternationalArchitectureTest.php","8992","528563EF86C231600560E469ACAE09D3DDDD5AA58A44824C360A9798731D83BA"
"tests/Unit/HrmSecurityRegressionTest.php","7348","DF1F2E27E5CA14284E745597E981BFB3D31E587787345A83954394B895046767"
"tests/Unit/MainDomainLandingRegressionTest.php","7005","27BE962B8A5B0BEFFE4015F63C06827CBC6C606638C628B7248945B0EFDE11E3"
"tests/Unit/PayrollCalculationServiceTest.php","3312","715BEF1A1A87EA16F288CA9AEA58503CD4F107FE4DBDBA1C7C1A484EABDA8C7A"
"tests/Unit/SecurityDepositArchitectureTest.php","11100","9DF57C6CD675FA92288B348A34F2BE2DB0C6EAD1123C6CD17D8B993537D18A9C"
"tests/Unit/SmartDocumentArchitectureTest.php","13082","42EEAE10C59CB9588EE6084570B47DF6B783396FAC4DECFBB763D9C84608B993"
"tests/Unit/SmtpArchitectureTest.php","6381","C8488525BC3C5D59A914DBD7C85F09F7EA5CCA50F78DBD131658AB113A97BC04"
"tests/Unit/SubscriptionPricingArchitectureTest.php","15590","48695B321D2779A81D8212CF2C8E1513ACD9592D796F67D011C7A1D580540F35"
"tests/Unit/TransactionDocumentSecurityTest.php","8811","E8BB9258B391F8757D7C866500FCD08AE4A0C2C183BD642BA34FC0DA3F6245E8"
